source_surface_longitude,Br,R^2
71.42254345606432,17.8821085,0.24529908770046638
71.45237394217042,17.7906705,0.2452526592777787
71.49999762107802,18.851763,0.2451785300093824
71.54761858470658,18.9050045,0.2451043959060319
71.59523682415397,19.183151,0.2450302569824999
71.64286701145357,18.657412,0.2449560903920568
71.6904797874487,20.9042885,0.24488194185169682
71.73808984275843,22.519531,0.2448077884885185
71.7857118570486,17.796255,0.2447336074355015
71.83333108829112,17.359745,0.2446594216530885
71.88094762575949,15.77936,0.2445852310031009
71.92856136224327,18.836239,0.2445110356535348
71.9761870951918,16.462304,0.24443681254271826
72.02381003027688,13.853291,0.2443625847236901
72.07143022425257,12.778425,0.2442883521090624
72.11904762519214,10.749108,0.2442141147806487
72.1666622898208,8.447179,0.24413987265102388
72.19690634297002,5.36092135,0.2440927105603082
81.17684889161673,-12.603299,0.22992691910627844
81.21427745081103,-13.904687,0.2298671937696699
81.26190575532414,-14.258469,0.2297911843032673
81.3095309692075,-14.211416,0.2297151705444742
81.35715307565022,-14.332076,0.2296391525210227
81.4047720806939,-14.378682,0.2295631302240433
81.45238798992094,-14.494028,0.2294871036454259
81.50000078663467,-14.656984,0.2294110728127094
81.5476104842768,-14.428928,0.2293350377051212
81.59523157093008,-14.4147025,0.22925897518123506
81.64286404961163,-14.488184,0.22918288522847816
81.69047888480205,-14.977372,0.2291068142301837
81.7380906297051,-14.697291499999999,0.22903073894072223
81.78571375853645,-14.919326,0.2289546362293644
81.83333377429804,-14.894823,0.22887852925920804
81.88095066015339,-15.387479,0.22880241805801466
81.92856442201462,-15.347591,0.2287263026170748
81.97618956282969,-14.552097,0.2286501597485945
82.02381156677033,-14.4320015,0.22857401265704175
82.07143043960261,-14.25613,0.2284978613339046
82.11904618703963,-14.7242035,0.22842170577093623
82.166658792514,-14.795511,0.2283455459954147
82.21428272177499,-14.692228,0.228269358864897
82.26190355111113,-14.566466,0.2281931674506218
82.30952123126636,-14.7038,0.228116971832171
82.35713576805358,-14.894824,0.2280407720009672
82.40476165595109,-15.039423,0.2279645447574563
82.45238435518654,-14.8636875,0.2278883133696639
82.5000039364236,-14.56783525,0.22781207772544565
82.54762037285985,-13.877133,0.2277358378683208
82.59523364793472,-14.55476625,0.2276595938257163
82.64285821880972,-14.795594000000001,0.22758332244362914
82.6904796701933,-14.45796,0.2275070468049395
82.73809795300615,-14.8895,0.22743076698908765
82.78571304063385,-15.109452,0.22735448303943614
82.83332499610962,-15.013944,0.22727819485587944
82.88094823922958,-15.034137,0.2272018793302454
82.92856833742255,-14.6528175,0.2271255595851695
82.97618523155344,-14.940058,0.2270492357145961
83.02381343574243,-15.007104,0.226972884454345
83.07143848763806,-14.949943,0.2268965289851393
83.11906032823086,-14.978262,0.2268201694023378
83.1666789953859,-14.889813,0.2267438056460607
83.21429447291905,-14.490178,0.2266674377430818
83.26190676593222,-14.580032,0.2265910656859791
83.30951587305478,-13.656795,0.2265146894777184
83.35713623682824,-13.8753355,0.226438285945674
83.40476787008728,-13.7366215,0.22636185506158768
83.45238187302462,-13.316667,0.2262854431995697
83.49999262372515,-11.9060135,0.2262090272904722
83.54761466795725,-11.356978000000002,0.2261325839846009
83.59523347927075,-12.806222,0.22605613659659224
83.64284908839744,-12.8382215,0.22597968507786104
83.69047593100527,-12.819348,0.2259032062471097
83.7380995583687,-12.2108745,0.22582672330257564
83.78571997610587,-11.949725,0.225750236235976
83.8333371575353,-11.0348015,0.2256737450909848
83.88095108606007,-9.883628,0.2255972498950886
83.92857622481009,-11.069468,0.2255207274087076
83.97619814498579,-12.92937,0.2254442008122713
84.02381681972554,-12.7060795,0.2253676701495906
84.0714322322995,-13.029092,0.2252911354484306
84.1119042119935,-13.25371,0.2252260754564736
91.11991408973506,-10.616382,0.2138587102077904
91.16666815720303,-1.6089859,0.21378218833909965
91.21427680071382,-14.31069,0.2137042584052379
91.26189615137696,-14.302806,0.213626301465193
91.30952620430686,-13.898055,0.2135483175191352
91.35715265650389,-4.2997003,0.2134703299813506
91.40476120945776,-12.493826,0.2133923622703109
91.45238045479279,-13.3325955,0.21331436756263167
91.49999609293324,-12.063101,0.2132363692757514
91.54760812160725,-11.6335625,0.21315836741383884
91.59523083070707,-11.731034000000001,0.21308033856242084
91.64284992388411,-11.6036795,0.21300230614209636
91.69046536705594,-11.074873499999999,0.2129242702093168
91.73809151055656,-9.350643,0.2128462072419727
91.78571402947789,-5.7468432499999995,0.2127681407159675
91.8333329215762,-3.7196298,0.2126900706355922
91.88096247008372,-10.983186,0.2126119735801701
91.92857410073356,-8.0326245,0.2125338964027388
91.97618209810749,-13.486783,0.2124558156832825
92.02380074200455,-11.236164,0.2123777079981234
92.0714300269815,-13.105748250000001,0.21229957334829747
92.11905566758108,-9.221774,0.2122214351649869
92.16666338269582,-13.376203,0.2121433168835876
92.21428172898413,-13.8094775,0.21206517164697194
92.26191070094922,-13.147236,0.21198699945612726
92.30953601746785,-13.453627000000001,0.2119088237465127
92.35714342645493,-12.805362,0.211830667917473
92.4047614267003,-8.632125,0.2117524851837627
92.45239003701849,-9.301979,0.21167427550662404
92.50000070963785,-11.9701675,0.2115960857641111
92.54762198579635,-11.91094,0.2115178690842696
92.5952395911387,-7.1257205,0.2114396489086787
92.64285352311828,-2.6606178,0.211361425241999
92.69047804657232,0.96492374,0.2112831746452661
92.73809889012284,-11.099134,0.211204920563629
92.78571605155406,-10.179345,0.2111266630013323
92.83332952844808,-12.044642,0.2110484019628309
92.88095358114288,-13.820723000000001,0.2109701140050998
92.92857394274648,-8.345355,0.210891822577387
92.9761906110808,-11.7770805,0.21081352768384987
93.02381786738226,-4.404294200000001,0.21073520583843813
93.07144139906003,-8.77592025,0.21065688057409493
93.119061228385,-7.9084395,0.2105785518547595
93.16667735309687,-8.7720375,0.21050021968470534
93.21428977091925,-11.41089225,0.2104218840682077
93.26189847959544,-9.04753225,0.21034354500954835
93.30951772920912,-3.790844,0.2102651790567355
93.35714751417608,-6.985986,0.2101867862110223
93.40477357883742,-9.363188,0.210108389931614
93.45238167158936,-7.3454672,0.21003001368269394
93.50000031401811,-13.082469,0.20995161051025069
93.54762945155566,-14.132105,0.2098731804960383
93.59524061147228,-12.356089,0.2097947705261952
93.64286228412288,-10.7441585,0.20971633368091913
93.69048022033088,-8.892063,0.209637893426036
93.73809441791387,-12.628784,0.20955944976569574
93.78571911555446,-14.4963365,0.2094809792380956
93.83334006774948,-14.3426045,0.20940250531155846
93.88095729652096,-11.75349725,0.2093240279503789
93.92857075058403,-5.016534549999999,0.2092455472395553
93.97619468892384,-6.3233747,0.2091670396723406
94.023814870189,-3.9424796,0.20908852872171235
94.07143129210678,-11.166111,0.209010014390102
94.11905818574368,-7.1142874,0.2089314732063178
94.16666708075918,-7.0082655,0.2088529521248314
94.21428644066285,-6.1876999999999995,0.20877440420160115
94.26191628400105,-7.8048587,0.2086958293977953
94.30952809842576,-10.865003,0.208617274750675
94.35713613720507,-11.646078,0.2085387167486864
94.40475462460714,-12.40198,0.20846013191651613
94.45238355501439,-13.6073715,0.20838152025535644
94.50000869809807,-14.941353,0.2083029052486019
94.54763007617177,-15.349672,0.20822428685991212
94.59524763791867,-14.324027000000001,0.2081456651745301
94.64286140528702,-15.9687435,0.2080670401566877
94.69047137609459,-14.886271,0.20798841181051964
94.7380917666426,-11.487817,0.2079097566537663
94.78572257096036,-9.26917,0.2078310746882611
94.83333535073825,-13.399862,0.207752412892095
94.88094434648872,-11.233847,0.2076737477430507
94.92856372131456,2.3465195,0.2075950558354762
94.97619349367253,-10.613777,0.20751633713062645
95.023819446008,-12.766895,0.2074376151224723
95.07142736519027,-12.835336,0.207358913308824
95.11904566400955,-12.945706999999999,0.2072801847203947
95.16667435138811,-14.337873,0.20720142933431007
95.21428499950066,-13.8424835,0.2071226941571843
95.26189181576777,-10.6744865,0.20704395569864845
95.30952320754804,-12.4731865,0.2069651669666178
95.35715075789477,-14.431813,0.2068863749585099
95.40476028616666,-15.105895,0.20680760313850405
95.4523801476344,-14.048558,0.2067288045922767
95.49999616056971,-15.889398499999999,0.2066500027830262
95.54760832234965,-16.082237,0.2065711977155974
95.59523082888413,-15.6469145,0.2064923658897741
95.64284946982085,-15.284352,0.2064135308248721
95.69047845329469,-15.88794275,0.2063346689946848
95.73810353968992,-16.008213,0.2062558039726607
95.78571059662876,-13.707432,0.206176959166203
95.83332797790544,-11.856236500000001,0.20609808761730092
95.88095567044485,-14.870161,0.2060191893395203
95.92857949291272,-4.71650005,0.20594028782121476
95.976199403842,-8.629331,0.2058613831315581
96.02381546417352,-10.17424875,0.2057824751700083
96.07142763243726,-14.274549,0.2057035640057564
96.11905007444967,-7.893848,0.2056246261568267
96.16666862457944,-10.2529155,0.20554568510002125
96.21428328026886,-10.872338,0.2054667408399704
96.26190822098862,-13.42252,0.2053877698635263
96.30952928441916,-10.843988,0.2053087956504664
96.35714638761053,-9.912957,0.2052298183388408
96.40475961586458,-4.675795,0.2051508377876424
96.45238308059174,-12.084062,0.20507183058496845
96.50000265580228,-12.176176,0.2049928201619297
96.54761829031614,-10.353661500000001,0.20491380660397415
96.59524414798254,-11.521389,0.20483476640355008
96.64286608200513,-13.246614000000001,0.20475572303488399
96.6904840825232,-5.22476435,0.20467667651484028
96.73809816160572,-8.6168905,0.20459762682369997
96.7857082462065,-11.565012,0.20451857408322904
96.83332859671906,-12.668945,0.2044394946112878
96.88095910483976,-14.5870905,0.2043603885794375
96.92857151131372,-13.611792999999999,0.2042813029218816
96.9761799426282,-15.395552,0.2042022141788806
97.0237985910849,-15.65441,0.2041230987696272
97.07142737999803,-13.654416,0.20404395681341564
97.11709799093084,-6.6330466,0.2039680595342949
103.70182641135725,-13.340418,0.1929309404882339
103.73810010322094,-15.137883500000001,0.1928696147789528
103.78571503951761,-16.3967995,0.19278910628771714
103.83332551890607,-16.1342325,0.19270859530223244
103.8809455303053,-13.621747,0.1926280581622483
103.92857507395443,-15.395008,0.1925474948586232
103.97620014625514,-16.012299,0.1924669290733947
104.02382075874768,-18.173876,0.192386360787166
104.07143689372576,-16.506191,0.1923057900298251
104.11904855541331,-16.570606,0.1922252167942453
104.16666972469991,-15.3936375,0.19214461741619027
104.2142864047116,-18.912895,0.1920640155811208
104.26189860678207,-18.2289585,0.1919834112698515
104.30952028611676,-17.1456285,0.19190278085231322
104.357137471572,-16.766188,0.19182214797421465
104.40476413727455,-17.958286,0.1917414889734408
104.45238629289173,-16.671465,0.19166082753910885
104.50000394249686,-16.646305,0.1915801636643158
104.54761709010305,-15.90446,0.19149949734223545
104.5952257182722,-16.729818,0.1914188286024344
104.6428577652895,-15.681394999999998,0.1913381100970514
104.69048528127252,-15.598957,0.1912573891816253
104.73809430940628,-15.479917,0.1911766895153424
104.7857127768304,-16.632613,0.1910959637601614
104.83334066196207,-17.128522,0.19101521194375415
104.88096400806134,-13.72647225,0.19093445772499468
104.92858281903821,-16.7670125,0.1908537010971637
104.97619707750135,-10.427061,0.190772942089797
105.02380678731271,-14.518034,0.1906921806962829
105.07142590400998,-16.643517,0.1906113932390637
105.11905440627854,-15.701437,0.1905305797452798
105.16667837622882,-12.667177,0.1904497638256393
105.21429772436058,-15.968936,0.1903689456319914
105.2619125577782,-13.858042,0.1902881249824392
105.30952278689134,-15.082193,0.1902073020290755
105.35714239059459,-16.562140499999998,0.1901264530367606
105.40477134716261,-9.639282999999999,0.19004557803355077
105.45238177477586,-13.660271,0.1899647243632265
105.49998762111802,-17.0028875,0.1898838683437828
105.547616744829,-18.538006,0.1898029626497387
105.59524126803552,-17.676569999999998,0.1897220546272201
105.642861187764,-17.103785,0.189641144281168
105.69047650776125,-19.347647000000002,0.18956023160507707
105.73808724166814,-18.417591,0.1894793165757493
105.7857072624473,-15.879512,0.1893983756113182
105.83333660130663,-17.005603,0.18931740864979765
105.88096130777215,-17.653778,0.1892364394015211
105.92856745827844,-19.796385,0.1891554915430459
105.97618291296526,-18.151285,0.18907451770176986
106.02380765015371,-10.3315425,0.18899351790566055
106.0714277463245,-15.1563225,0.18891251583105784
106.11904322931471,-16.5743975,0.1888315114305662
106.1666679613342,-17.334759,0.1887504811168467
106.21428803265353,-13.860286,0.18866944855187773
106.2619034471132,-16.320614,0.1885884137289702
106.30952811789828,-19.560251,0.18850735296518
106.35714812960308,-18.681086,0.188426289940992
106.40476349593672,-12.348947,0.1883452246330136
106.45237415822253,-16.499441,0.1882641571407921
106.49999406262427,-14.737970749999999,0.18818306371352111
106.54762318738148,-18.554275500000003,0.18810194437911676
106.59524762383981,-10.87208325,0.1880208228213853
106.6428673999277,-11.9645255,0.18793969899261231
106.69048245717481,-0.5962626950000001,0.1878585729922322
106.73809280900568,-8.5378915,0.18777744479726033
106.78571236205848,-6.1829805,0.1876962907060684
106.8333411399542,-16.35428,0.1876151106692366
106.88096517303886,-0.84980494,0.1875339284924871
106.92858449610588,4.6805205,0.1874527441163285
106.9761990915251,-8.90037,0.1873715575705694
107.02380896307648,-12.266036,0.1872903688486338
107.07142803302415,-11.269155999999999,0.1872091542043535
107.1190562388118,-16.367777,0.18712791373520515
107.16667969788324,-17.1005415,0.18704667111630874
107.21429841402937,-18.142398,0.1869654263409837
107.26191241495536,-5.24560615,0.18688417936175777
107.30952164223967,-2.6537732,0.1868029302780643
107.35713999545702,-1.5365727,0.1867216553644653
107.40476750535304,9.569695,0.1866403545593188
107.45239021872912,-3.8948824,0.1865590516761923
107.50000816306954,-14.25987,0.1864777466679018
107.5476213423371,-14.868628,0.186396439527512
107.5952436490325,-20.005668999999997,0.18631510652654037
107.64286114263246,-20.094463,0.1862337714690417
107.69047388185848,-20.260786,0.18615243425436334
107.7380956762955,-20.171728,0.1860710712867782
107.78571267919224,-15.570065,0.18598970621911898
107.83332488351078,-13.0060805,0.18590833906304927
107.8809461842534,-7.94858,0.1858269460679388
107.9285765150663,-7.1516175,0.1857455273378972
107.97620206231532,-9.659004,0.1856641064810293
108.0238227606596,-11.056967,0.1855826836087926
108.07143864446108,-11.371411,0.1855012586621192
108.1190497272734,-14.896105,0.1854198316176
108.16666981293584,-15.973102749999999,0.18533837886234217
108.2142850639248,-15.952635,0.18525692406026
108.26189550750766,-18.106415,0.18517546716437983
108.30951493659788,-18.0690155,0.18509398457154486
108.35714341235784,-18.175608,0.1850124761677714
108.40476699565964,-11.5125985,0.18493096580290425
108.4523857209555,-12.803347,0.1848494534175742
108.49999961564707,-13.8490535,0.1847679389645463
108.54760861434065,-13.530819,0.1846864225555213
108.59522662509112,-14.728298,0.1846048803721337
108.64285357832242,-1.4829872,0.18452331252425186
108.69047568819865,-15.673953,0.1844417426171302
108.73809287514892,-8.82189,0.184360170786864
108.78571904858767,-13.305208499999999,0.18427857320058688
108.83334029613653,-17.0586845,0.18419697368945345
108.88095667627067,-18.244808499999998,0.1841153721529254
108.92856812331675,-13.554270500000001,0.1840337687032234
108.976188534157,0.0964129,0.1839521395169682
109.02381783894104,-8.873498,0.1838704847044439
109.07142842417761,-14.0511685,0.18378885160535718
109.11904789336306,-11.371905,0.183707192889363
109.16667629698816,-12.794746,0.1836255084566568
109.21428590629718,-15.253556,0.1835438458675021
109.26190444338046,-9.966947999999999,0.18346215757122775
109.30953186943495,-14.86936,0.1833804436248178
109.35715431859325,-15.850399,0.18329872781286255
109.40477184917577,-17.6320495,0.1832170100350193
109.45238442649713,-17.495697,0.1831352903503339
109.50000583869502,-14.344243,0.1830535450887085
109.54762231854781,-0.402318285,0.1829717978774717
109.5952338076186,-8.629395,0.1828900488166495
109.64285416792517,-10.22574,0.1828082741000281
109.69046952029106,-10.627383,0.1827264975563853
109.73809373791322,-4.3272105,0.1826446953542902
109.78571296813138,0.14647643,0.1825628912830435
109.83332720725862,-0.364811045,0.1824810853484226
109.88095023171817,2.2336541,0.1823992538762027
109.92856828565192,-6.702014800000001,0.18231742049846775
109.97619514258504,-4.3422384,0.182235561539805
110.02381695695075,-3.78064515,0.1821537007923798
110.07143378686789,-4.8562984,0.1820718381558706
110.11905940126482,-11.81781,0.181989949953759
110.16667995907171,-17.419151,0.1819080599796275
110.21429551833118,-17.81137,0.1818261681331519
110.2619060442401,-19.27966,0.1817442744737203
110.30952530026292,-13.8604445,0.18166235532210565
110.357153340069,-17.392100999999997,0.18158041057643798
110.4047625416542,-16.355833,0.1814984877602284
110.45238044776758,-17.151058,0.1814165394793365
110.5000071188195,-11.871652000000001,0.18133456561997424
110.54761493486959,-18.3392015,0.1812526137206161
110.59523144381482,-14.972539,0.1811706363598511
110.64285669920304,-18.873835,0.1810886334357975
110.69047687580344,-18.70332,0.1810066287482183
110.7380919699688,-17.105768,0.1809246223029383
110.7857157300019,-16.856813000000002,0.1808425904163383
110.83333442781012,-14.5384655,0.1807605567300115
110.88094802871434,-14.569889,0.18067852130318046
110.92857027681963,-11.224479,0.1805964604504289
110.97618744825778,-14.075315,0.18051439781509787
111.0238132842774,-7.2607794,0.180432309710671
111.0714339713373,-4.61403325,0.18035021994106645
111.11904956717424,-1.4140038,0.1802681284061227
111.16667380871095,-3.1665452,0.1801860114177699
111.21429291759412,-17.63784,0.1801038927282957
111.26190685921854,-18.124586,0.180021772396804
111.30952945816176,-18.895324,0.1799396265748479
111.35714691004408,-18.654171,0.1798574790687996
111.40475917994254,-18.1403665,0.17977532993838236
111.4523800883205,-18.8512215,0.17969315533283525
111.4999958277111,-17.745759999999997,0.17961097907317375
111.54762016814756,-18.992235,0.1795287773895738
111.59523930514888,-20.319642,0.1794465741040076
111.64285329653492,-20.207922,0.1793643691160079
111.69047586241344,-19.985106,0.1792821387327935
111.73809321037672,-17.992926,0.1791999067645893
111.78571914981293,-19.262494500000003,0.17911764935837549
111.83333986039082,-15.179323,0.1790353903787835
111.88095539963766,-15.036733,0.1789531297256527
111.92857948030931,-18.755088,0.1788708437037393
111.97619831735453,-16.740168,0.1787885561258351
112.02381196826293,-19.658835500000002,0.17870626689203783
112.07143411060824,-19.62741,0.1786239523584759
112.11905105586251,-19.0191795,0.1785416361804111
112.1666627692853,-18.617205,0.1784593184172385
112.21428295459188,-19.745005,0.1783769753708228
112.2618979278754,-16.421522,0.1782946306975077
112.3095213826141,-13.400511,0.17821226071072635
112.35713956000605,-9.9931,0.1781298892025139
112.40475251011193,-8.46731725,0.17804751608562935
112.45237389870015,-11.9447025,0.1779651177121726
112.49999004906121,-16.841676,0.17788271774133108
112.54761462364954,-15.323622,0.1778002925248534
112.595233948958,-17.7743475,0.1777178657226502
112.6428479595656,-16.417875,0.1776354374470562
112.6904704360354,-11.861754,0.1775529838362791
112.73808758669368,-18.441645,0.1774705287637966
112.78571318202586,-15.3378105,0.1773880483789653
112.8333334779412,-9.710253,0.1773055664791032
112.880948433004,-4.91102385,0.17722308313521215
112.9285718197803,-14.6075385,0.1771405744836847
112.97618985433967,-14.142272,0.1770580644002598
113.02380259382934,-16.396365,0.17697555278496005
113.0714236839172,-15.060428,0.1768930159849635
113.1190531771778,-13.505572,0.1768104538989419
113.16667731929716,-11.841986,0.1767278903636842
113.21429608959268,-14.073612,0.1766453254141915
113.26190953813148,-16.551899,0.1765627589628825
113.3095175994524,-8.110664,0.1764801911224039
113.35713403270597,-16.5379365,0.1763975980245425
113.40475879831497,-13.5051395,0.1763149797278052
113.45237815818669,-18.002351,0.1762323600592584
113.49999216243188,-17.698192499999998,0.17614973893124358
113.54761445539285,-13.863418,0.1760670926620894
113.59524508216958,-11.508993,0.1759844211634767
113.64285661870494,-13.325138500000001,0.17590177203393526
113.6904764164913,-18.589551999999998,0.17581909779299632
113.73810452809415,-17.272615,0.1757363983353226
113.78571353129124,-11.8560095,0.1756537212767819
113.83333078267007,-19.469776,0.17557101911152584
113.88095632724684,-18.836050999999998,0.1754882917511454
113.92857641195943,-17.6384295,0.1754055630797883
113.97619109360136,-16.4426025,0.17532283299781334
114.02381401052207,-9.192153,0.1752400778032044
114.07143145883207,-6.5333185,0.1751573213039406
114.11904348833944,-6.9377575,0.1750745634125398
114.16666370890768,-7.8788652,0.1749917804671382
114.21427849901517,-7.0887804,0.1749089961417629
114.2619014890777,-17.822724,0.1748261867327608
114.3095326535782,-10.787796499999999,0.17474335227410595
114.35714469947202,-18.38124,0.1746605402298457
114.40475126420566,-18.397488,0.17457772688382767
114.45237964462528,-7.690264,0.1744948647420351
114.50000255233667,-17.600129,0.17441200126950765
114.5476199667632,-9.629213,0.1743291365010749
114.59524553758844,-11.567962,0.1742462466776426
114.64286556573911,-12.518917,0.1741633556361882
114.69048010085196,-12.373397,0.1740804632892156
114.73808912216994,-20.849184,0.1739975696720629
114.78570627314915,-19.1261385,0.1739146510238022
114.83333151411169,-16.660788500000002,0.1738317074032539
114.8809512383694,-13.191324,0.17374876250204405
114.92856542505436,-11.8735255,0.17366581635545247
114.97618771129638,-15.037488,0.1735828452013349
115.02381805724032,-12.387394,0.1734998490986586
115.07142921751716,-11.7326585,0.17341687552164636
115.11904846312817,-12.052687500000001,0.17333387694322666
115.16667577804316,-11.539492,0.1732508533807708
115.21428387204227,-12.753258,0.173167852405515
115.26190001607807,-17.414108499999998,0.17308482647141954
115.30952421530932,-12.9628285,0.1730017755592963
115.35714278710631,-7.1917627500000005,0.17291872352407978
115.40475581158563,-21.137742,0.1728356702250421
115.45237680875576,-21.844,0.1727525920729075
115.50000585391972,-18.964085,0.1726694889258633
115.54762927787286,-10.311579,0.172586384628074
115.59524706943552,-18.521141,0.1725032791979887
115.6428592378698,-12.488925,0.1724201726183679
115.69047939629391,-18.7041955,0.17233704112172543
115.73809390544962,-17.358316,0.1722539085127124
115.7857027750881,-15.823777,0.1721707747730572
115.83333323260452,-19.682539,0.1720875923483029
115.88095802090035,-21.2005585,0.17200440883009077
115.92857714952852,-14.125026,0.1719212242004868
115.97619060714425,-10.13344975,0.1718380384781526
116.0237983819754,-9.65048,0.1717548516825345
116.07142770638674,-12.78136,0.1716716162189607
116.11905133964228,-20.121082,0.1715883796818052
116.16666927000216,-20.0340545,0.17150514209049111
116.21429511359332,-18.4094625,0.17142187963758204
116.26191524892256,-20.9089915,0.1713386161311511
116.30952969492122,-16.6991825,0.17125535153697405
116.35713840020185,-14.7369165,0.1711720859435879
116.40475498354004,-19.293188,0.1710887955264514
116.45237942833542,-20.825417,0.171005480303938
116.49999814257166,-18.282372,0.1709221640482432
116.54761111464526,-18.743301,0.1708388467784589
116.59523192610419,-21.053420000000003,0.1707555047224276
116.6428605815658,-21.720114,0.17067213786129093
116.69048347443723,-19.521276999999998,0.1705887700054825
116.73810059286642,-13.0037,0.17050540117442453
116.7857119462862,-14.308954499999999,0.1704220313503199
116.83333113168136,-17.14109,0.1703386367181495
116.88095809249958,-14.566203,0.1702552173662209
116.9285792608466,-12.322914,0.1701717970529033
116.9761946249412,-21.047424,0.1700883757974333
117.02380419403136,-21.898788,0.1700049535824138
117.07142152629388,-17.968044499999998,0.169921506644847
117.11904662629573,-15.917099499999999,0.16983803496593664
117.16666590359874,-16.174645499999997,0.16975456235938924
117.21427937677419,-13.85402625,0.1696710887912034
117.26190053438972,-3.86496,0.1695875906078269
117.3095294740954,-16.078474,0.1695040676272335
117.35715254226484,-14.3889065,0.1694205437864473
117.404769757299,-15.919049,0.1693370190519549
117.45238110757148,-16.833565,0.1692534934427081
117.50000016436702,-3.0600743,0.16916994314419415
117.54762690368099,-13.528157499999999,0.16908636818759126
117.59524777119537,-17.818143499999998,0.16900279235170404
117.6428627480251,-14.4161815,0.1689192156682559
117.69047184361975,-16.562444,0.168835638119371
117.73808859943918,10.644899,0.1687520359267658
117.7857130292784,-13.319998,0.1686684090552877
117.8333315261144,-14.543548,0.1685847813921731
117.88095765010699,-11.5719975,0.1685011291168112
117.92857785859763,5.732324,0.1684174760098972
117.97619213267744,-7.9610708,0.1683338221030559
118.02381402490622,-20.136238,0.16825014357950113
118.07142996955395,-11.233976,0.16816646426997617
118.11905351597224,-8.774502,0.1680827603541247
118.1666711018987,-2.4319948,0.1679990556622481
118.21428273634385,-12.189429,0.1679153501804453
118.26190193519652,-18.972897,0.1678316201401127
118.30952870260539,-21.899247,0.1677478655230325
118.35714948300014,-16.660883,0.167664110161137
118.40476428537471,-20.6633135,0.16758035403704918
118.45238661894354,-18.994418,0.16749657338132123
118.50000296127689,-18.5668965,0.16741279197716014
118.54761329346374,-21.2514105,0.16732900985638532
118.5952311474629,-16.013458,0.167245203199791
118.64285649930244,-12.4005165,0.167161372038354
118.6904758331231,-9.901304,0.1670775401566212
118.73808913004392,-18.880535,0.1669937075862096
118.78570991527316,-10.6014525,0.16690985050704904
118.83333816469998,-6.0069585,0.1668259689502653
118.8809603692489,-9.933046000000001,0.1667420867012805
118.92857650996257,-10.40626075,0.16665820379180024
118.97618659591285,-19.5667265,0.16657432020435986
119.02380411559984,-20.040173,0.1664904121672313
119.071429042615,-24.30545,0.1664064797156662
119.11904793916672,-25.20811,0.1663225465254118
119.16666069326232,-24.364279,0.1662386127923016
119.21428087745716,-23.545275,0.16615465458361295
119.26190845807469,-20.0407695,0.16607067194728242
119.30952993464777,-18.813211000000003,0.16598668868245792
119.35714528799842,-19.299838,0.16590270482128586
119.404768020738,-16.635246,0.1658186965412931
119.4523846167625,-12.2182985,0.1657346876789792
119.4999950846958,-16.384102,0.1656506782172932
119.54761289408307,-2.599861,0.1655666443825098
119.5952380415915,-0.541519345,0.1654825861690944
119.64285700863763,-8.878109,0.1653985274306509
119.69046983622763,-14.736123,0.16531446809308137
119.73808998466538,-19.257845,0.16523038438595822
119.78571742956032,-22.215704,0.1651462763408072
119.83333868944933,-20.953026,0.16506216775868227
119.88095376598386,-17.989445,0.1649780586349295
119.92857611485805,-22.874832,0.1648939251942859
119.97619226629448,-22.272156,0.1648097912267254
120.0238156725876,-18.6503765,0.16472563295651044
120.07143286061309,-21.033873,0.1646414741861903
120.11904380211615,-24.013614,0.16455731496383358
120.16666200392679,-24.425739999999998,0.16447313140749115
120.2142874392705,-24.780258,0.1643889235529131
120.26190662141744,-22.080025499999998,0.1643047152395499
120.3095195520696,-22.435427,0.1642205064626304
120.35713969170484,-23.250736,0.1641362734089592
120.40475355855904,-23.55894,0.1640520399191319
120.45237460981892,-22.5987005,0.16396778217922914
120.50000281149981,-21.124170499999998,0.16388350023778725
120.54762474760855,-16.669717,0.1637992178286145
120.59524038979107,-18.376555,0.16371493500011605
120.64286318753952,-18.549953,0.1636306279387924
120.69047967014856,-12.6893025,0.1635463204852474
120.73808983912186,-15.102808,0.1634620126348751
120.78570710870407,-22.292095,0.1633776806268633
120.83333151434502,-24.615627,0.16329332438678906
120.88094958303913,-22.679344,0.1632089677721175
120.9285613164702,-23.5090505,0.16312461077801993
120.97618013069165,-15.339748499999999,0.16304022962737746
121.0238060220773,-17.74867,0.1629558243147655
121.07142552451802,-9.5135215,0.1628714186987738
121.11903867887791,-18.788212,0.1627870127048504
121.166658884934,-22.487215,0.1627025825716312
121.21428613199359,-22.2816465,0.16261812830636868
121.2619069610586,-16.181303,0.1625336737679119
121.30952141309542,-9.928691,0.162449218881521
121.35714288053873,-13.896692000000002,0.1623647398858098
121.40475791004712,-15.5164735,0.1622802606395431
121.45237995980617,-12.013625,0.1621957572579914
121.50000899577016,-12.367144,0.1621112297896374
121.54763159311948,-19.074852,0.1620267020525337
121.5952477231858,-15.537257,0.1619421740953797
121.64285742664076,-2.9940841,0.1618576458439381
121.69047408320705,-13.952591,0.16177309353612984
121.73809765201156,-19.3320345,0.16168851723254551
121.78571478402776,-18.6149235,0.1616039406331391
121.8333388027896,-18.449602,0.1615193400656134
121.88095636299153,-23.553539999999998,0.16143473922999346
121.92856742906312,-17.84141,0.1613501381872462
121.97618536981902,-22.811356,0.1612655131748014
122.02381022021797,-10.927996,0.16118086411847382
122.071428522343,-18.043945,0.1610962149313926
122.11904033041426,-19.03304,0.1610115655149321
122.16665897589903,-7.297173150000001,0.1609268921597814
122.21428449371489,-9.364366,0.1608421947916475
122.26190343339303,-17.6720685,0.16075749732366018
122.309515848903,-16.177858,0.1606727996557271
122.35713508765949,-19.630655,0.1605880780346463
122.40476111530455,-22.1222145,0.1605033325133396
122.4523805574076,-14.06109,0.1604185868829862
122.49999344518264,-19.548475,0.16033384108577686
122.54761311827708,-25.431156,0.16024907137127348
122.59523953549876,-23.652143,0.1601642778004561
122.64285935063461,-23.531662500000003,0.16007948412751644
122.69047257404806,-20.47317,0.1599946903316106
122.73809251500585,-14.620515,0.159909872703101
122.78571922189775,-13.536283000000001,0.1598250311434274
122.83333925940298,-23.385738,0.1597401895787394
122.88095268130732,-20.565222,0.15965534791077596
122.92857278961381,-22.237301000000002,0.15957048242954408
122.97618626007198,-16.590618999999997,0.15948561687318144
123.02380639079075,-15.577683,0.1594007275319863
123.07143323002904,-18.367144,0.159315814307365
123.11905335360056,-9.024669,0.1592309011257674
123.16666681530135,-16.709208,0.1591459878887298
123.21428689878658,-12.373485,0.1590610508989685
123.26191364077802,-20.2679605,0.1589760900783582
123.30953366571156,-23.175366,0.1588911292799547
123.35714694945665,-20.3857715,0.1588061685442932
123.4047668760346,-24.828917,0.1587211839816155
123.45238003419054,-23.812734,0.1586361995184726
123.49999981559367,-22.264612,0.15855119124474334
123.54762614904548,-21.75196,0.1584661592748694
123.59524574830435,-20.244014999999997,0.1583811273224769
123.64285854780992,-20.449131,0.1582960955020815
123.69047793142788,-17.295412,0.1582110399037559
123.73810383472824,-17.0600655,0.15812596062988538
123.78572296539318,-17.552404,0.1580408814184195
123.8333352646715,-20.861109,0.15795580237158313
123.8809541087634,-18.936058000000003,0.1578706995797164
123.92857942624748,-4.244098,0.1577855731576434
123.9761979461928,-9.905709,0.15770044681839201
124.02380960286246,-18.697435,0.1576153206768046
124.07142776473208,-23.277033,0.1575301708233219
124.11905236032345,-25.9516785,0.1574449973729478
124.16667012641804,-24.448566,0.1573598240382511
124.21429433611002,-24.409306,0.1572746270701557
124.26191164046725,-22.075356,0.1571894303412191
124.30952209282988,-10.36848,0.1571042337532937
124.35713893110528,-8.3921455,0.1570190136100441
124.40476220283392,-15.8926575,0.15693376981338847
124.45237853691509,-19.093740500000003,0.15684852628926238
124.50000128434968,-23.19258,0.1567632591286217
124.54761708129574,-20.303700499999998,0.1566779922511985
124.59522597739576,-23.726961,0.1565927255652351
124.64285448775468,-25.007345,0.15650741156968256
124.69047607702971,-23.144825,0.1564220977826011
124.73809070960908,-19.598367000000003,0.15633678426495784
124.78571163529523,-20.953089,0.1562514472684967
124.83332561734886,-21.139226,0.15616611050553458
124.8809458722867,-22.664057,0.1560807502806253
124.9285724474724,-23.521873,0.1559953664957782
124.97619202263031,-26.61316,0.1559099830232393
125.0238045548567,-25.071243,0.1558245999370279
125.07142338535897,-21.144303,0.15573919330442332
125.11904846526781,-24.1635415,0.15565376319988766
125.16666648245048,-25.7554185,0.15556833349474625
125.21429075808707,-25.455265,0.1554828802818023
125.2619079838624,-26.1494045,0.1553974274324491
125.30951812370128,-24.093582,0.1553119750083952
125.3571344930337,-18.636593,0.1552264991023859
125.40475705007387,-16.330962,0.15514099977629203
125.452385752671,-23.559779,0.15505547709231626
125.50000739102184,-17.0684855,0.1549699547620923
125.54762192908913,-23.045865,0.15488443284722975
125.5952426131535,-24.132786,0.1547988875474065
125.64285615042377,-26.127889500000002,0.15471334273350723
125.6904758423579,-16.371595499999998,0.15462777449924095
125.73810164688224,-15.938725,0.1545421829066943
125.78572027721698,-18.311860000000003,0.15445659182626092
125.83334502873495,-18.8621755,0.1543709773520974
125.88096261168579,-21.8469645,0.15428536336677479
125.92857303328006,-23.1306915,0.1541997498541121
125.97618951671856,-22.178522,0.1541141130277614
126.02381202008198,-20.361689,0.1540284529494748
126.07142735701876,-22.075144,0.153942793329635
126.11904872212119,-22.5156875,0.1538571104228439
126.16667610277733,-22.387228999999998,0.15377140423821667
126.21429623007253,-21.542817499999998,0.1536856986449607
126.26190915632831,-22.17996,0.1535999935456478
126.30952806151038,-23.680824,0.153514265206075
126.35715294654128,-18.286612,0.1534285136074016
126.404770573121,-15.264948,0.1533427625823928
126.4523809342702,-23.78086,0.1532570121402254
126.49999723822683,-22.7056295,0.15317123848315312
126.54761944257314,-23.116068,0.15308544167393984
126.59523439426226,-20.254187,0.1529996454006646
126.64285522475322,-19.52025,0.1529138259934769
126.69048196888902,-18.863888,0.1528279833758856
126.73810139105368,-21.432423,0.1527421413950702
126.78571348458956,-20.25131,0.1526563000596641
126.83333144297796,-20.8022205,0.1525704355741378
126.88095524672286,-21.754657,0.1524845479596732
126.92857169979922,-18.354869,0.1523986610061738
126.97619398315985,-14.047679,0.1523127509300625
127.02380889144018,-18.3584185,0.15222684154505817
127.07142960797103,-17.182907,0.1521409090562268
127.1190561130431,-19.140263,0.1520549534852869
127.16667522089034,-12.57627775,0.15196899862082058
127.21428691787187,-10.499598,0.1518830444839324
127.26190437926492,-17.622738,0.1517970672803565
127.30952759175779,-17.2086145,0.1517110670199867
127.35714335760164,-19.041704,0.1516250675271818
127.40476485915946,-17.29131,0.1515390449841571
127.4523789028482,-16.48512,0.1514530232146975
127.4999986533452,-19.998078,0.1513669784260243
127.54762409065947,-17.093605,0.1512809106400282
127.5952420474753,-11.008042499999998,0.15119484364352426
127.64285250999149,-8.4667075,0.15110877745774665
127.69046863475695,-6.2546415,0.1510226882905199
127.73809040146855,-22.580496,0.1509365761641992
127.78571781058471,-18.190013999999998,0.15085044106375775
127.83333768453448,-23.711052,0.150764306811947
127.88095001648838,-21.9900565,0.1506781734175141
127.92856797478157,-13.780738,0.15059201704897573
127.97619150096077,1.0748026,0.1505058377978546
128.02380745518678,5.20915135,0.15041965943273405
128.07142897039373,-0.503941805,0.1503334581757666
128.11905604660106,-8.6986475,0.1502472340124273
128.1666755211441,-8.7329495,0.1501610107633114
128.21428740915928,-8.497055,0.1500747883970431
128.26190479686005,-3.6450872,0.1499885432062418
128.30952769308897,-9.928377000000001,0.14990227516025173
128.3571429501931,-16.823162,0.1498160080665503
128.40476368629362,-19.105902,0.1497297181491574
128.45237677129643,-19.694746,0.1496434291908992
128.49999531891208,-12.88133525,0.14955711741646455
128.54761930880545,-19.189566499999998,0.1494707828481031
128.5952356172586,-6.5101698,0.14938444926771044
128.6428573515636,-18.407166,0.1492980929009108
128.69048452054747,-20.202444,0.1492117137170231
128.73810394829158,-25.541895,0.1491253356032224
128.7857156429965,-24.622639,0.1490389585405176
128.8333327239821,-22.028613,0.1489525587184945
128.88095517041538,-21.876089999999998,0.14886613616011463
128.92856985326665,-22.548986,0.1487797146817865
128.9761898849955,-13.889848,0.148693270474608
129.0238152451228,-3.3596213,0.1486068035609143
129.07143283984658,7.60071,0.1485203377038476
129.11904261679948,-13.836252,0.14843387299427
129.16665768203927,-20.499591000000002,0.14834738562059924
129.21427803526404,-20.079862499999997,0.14826087556838835
129.26190365566055,-20.934795,0.1481743428604246
129.3095214309543,-19.859037,0.14808781131125404
129.35713136708037,-7.3561873,0.1480012809058183
129.40475961746108,-10.238677,0.1479147040955788
129.4523800049028,-11.6630945,0.1478281284494321
129.49999253749655,-15.8741795,0.14774155394821945
129.54761024334624,-14.551899500000001,0.1476549568930297
129.59523310159005,-14.999636,0.1475683373067144
129.64286117905948,-10.0915365,0.1474816950524977
129.69048131309123,-6.150659,0.1473950540653001
129.73809351183908,-4.0124903,0.1473084143259228
129.78571085091664,3.1108824,0.14722175203092513
129.83333330263827,-5.306963,0.14713506721533604
129.88094780046427,-0.6488069,0.14704838365364692
129.92856738661376,-11.98718,0.1469616775922465
129.97619206025982,-0.3087253,0.14687494901728
130.02380873457912,-10.616457,0.146788221750994
130.07143047204363,-13.4930435,0.1467014719918906
130.1190572448198,-16.801700500000003,0.14661469977409924
130.16667599987744,-15.141412500000001,0.1465279288654852
130.21428671565434,-19.838708,0.14644115930563173
130.261902445525,-19.718452,0.1463543672950272
130.30952316159528,-10.981204,0.1462675528689083
130.35714886281625,2.7973053,0.1461807160135741
130.4047664799994,10.617403,0.1460938805482949
130.45237601845866,-0.17936734,0.14600704645877166
130.50000353063086,-8.87223,0.1459201662127105
130.5476229393442,-7.825717,0.14583328736342793
130.5952342233159,7.359577,0.1457464099450227
130.64285041822552,25.909101,0.1456595101608618
130.6904714956708,7.8888217,0.14557258804685613
130.73809744777594,-6.07041595,0.14548564360174876
130.78571524317573,-5.44709235,0.14539870060476262
130.83333791048932,0.13738233,0.1453117352573663
130.88095234230238,-19.816188,0.14522477148498836
130.92857165004153,-20.3830515,0.1451377853304291
130.97619571607268,-14.107442,0.1450507769926664
131.02381161602966,-13.42914,0.14496377007375355
131.07143227138457,-10.451350999999999,0.14487674095240194
131.11904469518655,-18.083828,0.14478971335237978
131.16666187142613,-19.268118,0.1447026635306419
131.21428379846674,-22.09451,0.1446155914741506
131.26191044784025,-24.664239000000002,0.14452849721884897
131.3095288417659,-24.37458,0.1444414044863904
131.3571388914093,-24.942644,0.14435431343436006
131.40476667972737,-24.121328,0.1442671763340778
131.4523861238665,-24.875934,0.14418004088909198
131.49999724123606,-25.845953,0.1440929070623874
131.54761300753114,-27.632185,0.1440057510963377
131.5952334176211,-24.572589999999998,0.14391857298404204
131.64285847192852,-22.6958035,0.1438313727083541
131.69047512350906,-20.769309,0.1437441741471804
131.73809637762574,-19.74382,0.1436569534737248
131.78572220589675,-20.971704,0.1435697107234763
131.83333965501765,-20.113266,0.1434824696141148
131.8809486652076,-16.905027,0.1433952302498038
131.92856221264708,-16.288398,0.14330796884190622
131.9761932844212,-18.530466,0.143220661566845
132.02381587801483,-16.2946495,0.14313335607057653
132.07143000061225,7.741539,0.1430460523345064
132.1190486101498,5.06925,0.1429587265883368
132.1666717199205,4.370074799999999,0.1428713787910529
132.21428630826645,8.744662,0.1427840328153463
132.2619053349818,10.593999,0.1426966648761823
132.3095288201849,5.9636397500000005,0.14260927491993536
132.35714374866097,1.7762834,0.1425218868186654
132.40476307334376,3.637355,0.1424344767885031
132.45238678545502,-0.76044938,0.1423470448289397
132.50000195681062,-17.011806,0.1422596146633029
132.54762146646812,-22.551378,0.1421721626322978
132.59524531419464,-23.0976265,0.14208468871925276
132.6428605858273,-23.987865,0.1419972166333305
132.69048014653896,-22.409197,0.1419097227290562
132.7380910866732,-16.59852,0.1418222307147615
132.78570631103787,-15.622672999999999,0.1417347168646252
132.83332583958494,-24.0237635,0.14164718112489574
132.8809495986325,-22.057953,0.14155962361396
132.9285776299256,-20.66514,0.1414720442379013
132.97619694869735,-18.299742,0.14138446686199
133.02380756165064,-3.2263072,0.1412968914680439
133.07142237944845,-17.15934,0.1412092942965422
133.11904141510823,-13.231336500000001,0.14112167530630604
133.1666645947272,-18.584156,0.1410340346160878
133.21429193785391,-18.769396,0.1409463721725758
133.2619105403297,-14.368353,0.1408587117154308
133.3095203419266,-9.212579,0.1407710533494633
133.35713426155235,4.426092000000001,0.1406833732771482
133.4047652080302,7.298493,0.1405956477038126
133.45238731238777,-15.590567499999999,0.14050792425687375
133.50000059435231,-18.882975,0.1404202028940864
133.5476179407294,-18.504639,0.1403324598612028
133.595239350557,-17.166504,0.14024469514251395
133.64286475677335,-5.5397818,0.14015690884399465
133.69048131838116,-9.6550795,0.14006912462309765
133.7381018483262,-10.053378,0.1399813188464892
133.78572635934708,7.3933134,0.1398934914680885
133.83334198866325,-0.005457958,0.1398056662007268
133.88096154177458,1.18146035,0.13971781941429284
133.92858503764705,6.4392233,0.13962995105599413
133.97619957881983,3.56767285,0.13954208491042835
134.02381805649043,3.6747022,0.1394541971765284
134.07144039664274,4.534018,0.1393662879729988
134.11905375097018,10.6336155,0.1392783810053923
134.16667099691512,9.6169685,0.13919045248614814
134.21429206010995,14.07048675,0.1391025025346207
134.26190412841066,11.2726025,0.1390145548010952
134.30951998549557,14.964343,0.1389265856595357
134.35713964319595,16.534882,0.1388385950700073
134.40476311358057,16.5957025,0.1387505829920282
134.4523903223025,13.144743,0.138662549544891
134.50000844039104,13.565033,0.13857451842906215
134.54761748700298,12.4684035,0.13848648960246976
134.595230231274,14.652688,0.138398439442797
134.64285951795793,11.3983215,0.13831034417202787
134.6904796896635,-7.2634754,0.138222251227699
134.73809067951072,-9.336095499999999,0.1381341607270008
134.78571818702673,-8.91807,0.1380460251018147
134.83333648350094,0.45063023,0.1379578919450758
134.88094558774418,6.92437,0.1378697612153774
134.9285711558392,11.732513,0.1377815854012838
134.97620028981737,15.675616,0.1376933883581554
135.0238202162838,14.441936,0.13760519372629149
135.0714308679889,15.94849,0.13751700162349634
135.1190450724316,17.04491,0.137428788275787
135.16666284102394,13.243451,0.1373405536432366
135.21428409911687,4.194736000000001,0.1372522978454654
135.26190888653394,7.6130768,0.13716402078981887
135.30952433011998,2.6317865,0.13707574632505054
135.35714327319428,-5.43364,0.1369874506278848
135.40476564124197,-7.6281834,0.1368991338176005
135.45237868269288,-1.3971416,0.1368108195292907
135.49999511910448,7.289467999999999,0.1367224841534727
135.54761498994236,1.6561762500000001,0.1366341275980028
135.59523821392395,-9.193105,0.1365457499944764
135.6428648438653,-8.603518,0.1364573512258563
135.69048201972825,-5.1809807,0.1363689551481627
135.73810256454357,-0.034716545,0.1362805379437434
135.78572640348972,-0.8676284,0.136192099732145
135.83334080509778,0.40559961,0.13610366414273226
135.88095847038062,7.501759,0.1360152075721356
135.92857943857564,8.926971,0.1359267299281994
135.97619089343064,5.390496,0.1358382550095312
136.02380557023434,-10.4456105,0.13574975913716944
136.07142350126793,-13.975812,0.13566124223160395
136.11904461171252,-14.8011875,0.1355727044124203
136.16666894052932,-8.110355,0.1354841455875936
136.2142836622312,-16.950968,0.1353955895929609
136.2619015649071,-6.1827082,0.13530701263113953
136.30952261491757,5.929656850000001,0.13521841474494134
136.3571467591387,13.5808525,0.1351297960134946
136.40477403635674,7.9120636,0.1350411563449841
136.45239163408962,11.89149,0.1349525195709756
136.49999959199926,13.536445,0.1348638856100056
136.54761058817863,-8.997281999999998,0.1347752308449066
136.59523738450036,-13.885258,0.1346865314862865
136.64286717072943,-13.794478,0.1345978113654851
136.690487260897,-16.620848,0.1345090940989804
136.73809758103172,-14.658613,0.1344203798166363
136.78571090965465,-15.858671,0.13433164469372366
136.83332716507402,-8.4106685,0.1342428888623448
136.8809463854796,-10.440295,0.1341541122311147
136.92856848893246,-12.187612,0.134065314932732
136.9761935268999,-4.86583835,0.1339764968508778
137.0238214173121,-9.919742,0.13388765811821468
137.0714394882333,-12.225457500000001,0.13379882235718393
137.11904768512971,-12.6770665,0.1337099896613706
137.16665874582878,-3.8094935,0.1336211362488593
137.21428529041748,-3.39538825,0.13353223854042906
137.26191464981602,-2.8704766,0.13344332015203886
137.30953407073315,-9.87018975,0.13335440488374461
137.35714356401795,-10.749780000000001,0.13326549270697574
137.4047558256329,-13.188114,0.1331765598971354
137.45238347538918,9.775528999999999,0.1330875828553612
137.50000114877153,8.172734,0.1329986089464306
137.54762153348372,6.207158,0.132909614448841
137.59524456693265,5.5435526500000005,0.132820599458485
137.64285760848352,7.3172565,0.1327315875882087
137.6904732527544,9.970418,0.132642555277922
137.73809152222637,16.137102,0.13255350246453473
137.78571241275648,16.553854,0.13246442913483106
137.83333586160907,13.406449,0.1323753353849947
137.88096187136833,12.940194,0.132286221189256
137.9285777886006,16.056332,0.1321971102086818
137.97619621173723,12.252668499999999,0.13210797885115833
138.02381714302624,9.205854500000001,0.13201882709108426
138.0714279372236,18.884204,0.1319296785868158
138.11904118434563,23.968954,0.1318405097492017
138.1666695505688,24.4760725,0.13175129682974246
138.214287686139,22.534655,0.1316620872896657
138.2618955945157,20.587763000000002,0.1315728811136599
138.3095185454614,19.467154,0.1314836309305745
138.35714387333377,19.88378,0.131394360449105
138.40475895139377,18.478256,0.1313050933220086
138.45237635055545,22.470188,0.13121580596631635
138.49999606642427,14.378993000000001,0.1311264983686605
138.5476181202524,12.056062,0.131037170467342
138.5952424229212,1.3186231,0.1309478224077421
138.64285638071345,-0.79849005,0.1308584778014187
138.69047260937742,0.0266471945,0.1307691129602387
138.7380910454678,16.956702,0.13067972798116595
138.78571168426888,18.831957,0.130590322851104
138.83333451877365,18.334291,0.1305008975611559
138.88095954395047,19.799277500000002,0.13041145209867727
138.92857409810853,17.293312,0.1303220102280221
138.97619077990922,20.019295,0.1302325482672794
139.0238095824846,21.132441999999998,0.13014306620713662
139.0714305004605,22.2630555,0.13005356403537388
139.11905346385657,21.934734,0.1299640418611431
139.1666659025555,22.3959635,0.12987452329794347
139.2142804013702,22.460757,0.1297849846682687
139.26189689652037,22.476337,0.1296954260696006
139.30952795894768,21.4925815,0.12960582382912014
139.3571484261766,20.830862,0.1295162252591914
139.40475830097864,22.4609185,0.12942663034467505
139.45238265701764,22.124277,0.1293369918780088
139.5000089349611,20.336748,0.129247333468896
139.54762456720084,22.475903,0.1291576787601192
139.59524205750103,19.3948105,0.1290680041921887
139.64286140025627,18.648508999999997,0.12897830975260727
139.69048260932345,19.334034,0.1288885953923401
139.738105613982,19.885998,0.1287988612215347
139.7857178607087,17.415009,0.1287091308776448
139.8333319167826,23.6959685,0.12861938065981882
139.88094771158816,23.4869165,0.1285296106777155
139.92856523908725,21.393993,0.1284398209196893
139.9761845130722,23.093084,0.1283500113363004
140.02380546255736,24.482531,0.1282601820380363
140.07142808157923,22.0278565,0.128170333012689
140.1190523836672,22.195976,0.1280804642113974
140.1666782977409,20.414637,0.1279905757445477
140.21429329558626,20.94807,0.1279006912407806
140.2619099182516,24.837021,0.1278107870088315
140.30952808845228,26.7172135,0.12772086317093365
140.35714781914922,26.716793,0.1276309196787104
140.40476910417982,23.748365,0.1275409565200768
140.45237936471844,25.204636,0.1274509974409689
140.49999112711328,25.410018,0.127361018755058
140.5476168875919,25.969324,0.1272709968108854
140.5952440665918,26.59174,0.1271809553610753
140.64286020229167,26.320011,0.1270909179477911
140.69047771891923,22.5814365,0.12700086106060796
140.73809662928127,25.061431,0.12691078465094155
140.78571692656135,24.746758,0.1268206887075218
140.83333853953752,26.8353,0.1267305733406994
140.8809490205348,27.021982,0.126640462087812
140.92856078572572,26.7434245,0.12655033143115835
140.9761863039201,26.217398,0.1264601577357481
141.0238131058091,20.811802,0.1263699645796009
141.07142864372216,11.696551,0.1262797757068273
141.1190454269718,-0.78741448,0.12618956740554615
141.16666337763513,25.855611500000002,0.1260993397985577
141.21428250792903,24.572784,0.1260090928379323
141.26190278277886,26.06959,0.1259188265653087
141.3095242139504,22.996743000000002,0.1258285409333341
141.35714672353708,26.0802695,0.12573823606479234
141.40475786791222,26.750411999999997,0.12564793553773074
141.45237010741656,26.818642,0.1255576157011733
141.49999580722624,26.3325205,0.12546725306661088
141.54762252332657,25.3319885,0.1253768712126607
141.59523782382166,26.6693125,0.12528649371296086
141.64285408005946,23.01932,0.1251960970671297
141.69047128435977,23.342882,0.1251056812643072
141.7380894203581,26.9563705,0.12501524631009941
141.7857084653267,19.1293035,0.12492479222206596
141.83332842415507,21.298141,0.1248343189653316
141.88094921848244,20.991713,0.1247438266629731
141.92857085304868,23.3151675,0.12465331528029
141.97619330503215,22.7430575,0.12456278483482636
142.02381655124827,23.665394,0.1244722353447574
142.07144059638617,23.367496,0.1243816667752164
142.11905295801685,26.936249,0.1242911028452862
142.1666660505685,27.0997275,0.12420051992223816
142.2142922487781,26.452543,0.1241098944304091
142.26190673058395,23.524895,0.12401927357606796
142.30952187362118,23.004365,0.12392863378256495
142.3571500708279,23.0866585,0.1238379514254852
142.40476646296514,25.659703,0.12374727380951736
142.4523834459775,23.02746,0.1236565773090001
142.50000099641431,18.989555,0.1235658619420814
142.5476190907048,23.4003365,0.12347512772702304
142.59523770507784,20.561932,0.12338437468242315
142.64285681598716,7.957648,0.1232936028264299
142.69047639964538,3.2866125,0.1232028121773591
142.73809645345455,-6.2385797,0.12311200271352095
142.78571691116124,8.075678499999999,0.12302117453403025
142.83333777008608,14.554141,0.1229303276171058
142.88095900639277,4.9043455,0.1228394619810804
142.92858059588283,4.3940050500000005,0.12274857764489
142.97620254215968,7.95857425,0.1226576745743432
143.02381242064536,17.070204500000003,0.12256677646587635
143.07142258629506,20.000284,0.1224758597105871
143.1190453476871,17.450605,0.12238490076957226
143.16666837556073,-13.516342999999999,0.1222939231567802
143.21429158393653,25.550207,0.1222029270089042
143.26191497613064,26.902494,0.122111912291975
143.3095262011195,26.951231,0.1220209025896596
143.3571375672114,23.7887385,0.1219298743537805
143.4047613914122,23.689648,0.1218388040003207
143.45238528006675,23.454853,0.1217477151944726
143.4999969160243,25.738085,0.1216566314739153
143.54762090532938,19.003616,0.1215655057377064
143.59524493369787,19.8374785,0.1214743615131732
143.64285661105248,21.919834,0.1213832224886482
143.69048056449097,24.161095500000002,0.12129204149446521
143.738104482366,24.761812499999998,0.1212008420697597
143.78571599002964,25.588426,0.12110964789042761
143.83332738460143,26.086597,0.1210184353815038
143.88095096969397,24.3173065,0.12092718093617585
143.9285743639029,22.250355,0.12083590824338715
143.97619756965497,17.553185,0.1207446172695147
144.0238205825847,26.112816,0.1206533079940954
144.07143105993302,25.622995,0.1205620040606077
144.11904127917887,21.452659500000003,0.12047068190233501
144.16666350498394,17.322723,0.1203793179577872
144.21428539432372,4.981246,0.120287935870888
144.2619069424733,5.734868499999999,0.12019653562128485
144.3095281451723,9.628076,0.12010511718778864
144.3571489344256,18.123447,0.1200136806715014
144.4047693329704,14.482109,0.1199222259992806
144.45238925402413,20.806406,0.11983075330805629
144.50000873898065,16.385987999999998,0.11973926248868044
144.54762769470364,19.60554,0.1196477536902886
144.59524616246085,25.63357,0.1195562268038353
144.64286405520318,18.6574375,0.11946468196653315
144.69048139525464,27.2325275,0.1193731191054863
144.73809811447052,29.368347,0.1192815383216472
144.785714228526,29.289276,0.1191899395546702
144.83332966927213,27.387362500000002,0.1190983229054291
144.8809566784691,24.670273,0.119006664781743
144.92858296953904,22.047068,0.1189149887912606
144.97619628826428,26.746872,0.1188233184991421
145.02380886998762,25.058706,0.1187316303253115
145.07143285261296,24.602064,0.1186399008575903
145.11905603819412,26.234022,0.1185481535523008
145.16666615834853,25.263092,0.1184564120214952
145.2142876311318,24.435493,0.1183646291822098
145.26190821199498,26.184738000000003,0.11827282859530835
145.30952783415046,24.2797095,0.11818101035850455
145.351272611921,20.55598,0.118100503696252
145.40476444610826,15.245246,0.1179973203396401
145.4523689574541,23.675196,0.117905472573034
145.49998463928122,19.2017975,0.1178135836315829
145.54761141238643,-0.9392120500000001,0.11772165362139154
145.59824237874642,2.8181434,0.117623903262145
145.642848952869,2.0449333,0.1175377653788054
145.69047239057443,4.8662998900000005,0.11744578261846235
145.73809461800408,-3.1816451,0.11735378239934265
145.78571567446826,-1.3765495,0.1172617646134844
145.8333354925651,9.339636,0.1171697293589695
145.88095405091082,8.3591345,0.11707767664489956
145.9285713008456,8.910547,0.11698560653302165
145.97618725650958,7.1391077,0.1168935189635501
146.02381400756272,4.24493075,0.1168013905153795
146.07143935979045,0.041976801499999994,0.11670924473655495
146.1190511951871,6.08772415,0.11661710504804851
146.16666160342908,16.3205,0.1165249480283443
146.21428268745257,25.854872,0.1164327502099842
146.26190227480572,25.0497265,0.11634053511890666
146.30952031623343,27.602552,0.1162483028174314
146.35714895851555,17.279275,0.11615602973747675
146.40476390108552,13.418354,0.116063762924096
146.45237723979812,18.25859,0.1159714789127906
146.50000102907083,12.830302,0.115879154298488
146.54762317103769,19.770443,0.1157868124930464
146.59524361643602,20.3040245,0.11569445355655585
146.64286233676123,25.979658,0.1156020775082757
146.6904792818803,27.963362,0.1155096844155863
146.7380944643945,23.7315865,0.11541727422010475
146.785719917496,28.88059,0.1153248235262246
146.83334352212177,29.909048,0.1152323558176232
146.88095317342007,29.437197,0.1151398945709472
146.9285729765507,29.338884,0.1150473929379687
146.9761908644112,29.191616,0.1149548743167084
147.02380678693297,25.629285000000003,0.1148623387699935
147.0714327762022,21.298341999999998,0.11476976287227225
147.1190446761623,20.286119499999998,0.1146771935436279
147.16666657669762,19.6239685,0.11458458391239945
147.21428636588774,10.581225,0.1144919574895312
147.26190405554624,21.152822,0.1143993142170873
147.30953163881077,23.132988,0.1143066307182974
147.35714499485235,30.544498,0.1142139538971562
147.40475614116104,29.1175005,0.11412126033483755
147.45237708036507,26.40902,0.1140285266199763
147.4851751023409,25.829666,0.1139646457420776
