source_surface_longitude,vp
30.758479861195823,337.69460000000004
30.786078364854554,332.80627
30.830904979295468,294.61267
30.88121553026002,297.849
30.929097512830452,301.60864
30.975814253684113,320.012335
31.0240784821103,293.3295
31.07029629679218,305.59113
31.118504013152425,312.98655
31.167817874785,305.3506
31.21142222653777,362.21527
31.261584169648884,325.5785
31.31058228895681,317.344555
31.359321678972098,311.14149
31.405484577747757,301.56875
31.453218076300548,315.405105
31.499742079145783,346.94254
31.547848669343818,302.309185
31.59520587426433,303.04044
31.64321808778616,320.27185
31.69141807559535,302.70145
31.720808094926557,302.64636
31.803662493660028,315.60037
31.831403097708883,304.63388
31.87649263314146,345.3641
31.92907794559138,305.702745
31.973935310359067,297.27725
32.023910661021276,307.60041
32.07066624256652,332.31638
32.119551719084214,321.107145
32.166656806183134,314.33546
32.21393385445283,343.32825
32.26237373563069,323.12939
32.31049687165884,311.42752
32.35580436745981,325.06395
32.403770758660926,322.206375
32.45341892696487,325.20267
32.50073184893347,318.6079
32.54517739860188,335.42438
32.59383214958878,341.73587
32.642153889514944,314.27031
32.69167187967041,313.4684
32.73675224108253,316.2668
32.7845567330424,312.10569499999997
32.831495382668535,348.31036
32.88015044232523,339.454
32.92897781104703,326.98758
32.9764113793302,326.27662499999997
33.0234833514576,333.80298
33.06913767647323,465.95206
33.11863299816687,474.752775
33.16512729349462,409.79163
33.21283709466663,343.35608
33.26124073834575,338.35532
33.308205675665626,337.39317
33.355861676224066,337.01447
33.40421468974429,367.47028
33.45111061544373,335.87271499999997
33.49924246274153,341.5005
33.549165012542055,349.88837
33.598168236423646,340.5622
33.64405315048623,334.30919
33.69117938006143,344.39142
33.73900747598145,354.51151500000003
33.786990599774654,354.96519
33.834574858324174,361.1539
33.884605037366775,341.7232
33.93075865271217,339.816485
33.97544600499279,340.37061500000004
34.024755572505825,348.03445
34.07478940513528,362.75287000000003
34.11877509939353,348.28308
34.16968602542266,340.58456
34.21451459105222,350.890065
34.262324274556406,347.71045000000004
34.30971095517536,341.34134
34.35724322156814,369.71993499999996
34.40492144341497,349.0058
34.45332317510104,360.5194
34.4989809105727,355.202745
34.54941642705591,350.5689
34.59651928737135,347.83281
34.64259469138574,349.73608
34.688804460977124,343.13446999999996
34.73984937660311,386.763355
34.78516355198218,387.84918000000005
34.831788289703354,349.45322
34.8779559062521,356.6414
34.92722843014281,362.16455
34.97665142858415,351.96722
35.022038449431676,353.44696
35.07415025500706,352.79088
35.119809434785154,366.85257
35.16861270738671,363.4054
35.2127201579558,355.67868
35.261799513368004,377.34393
35.30919883297351,360.39923
35.354292543960334,372.37457
35.40624019811568,484.48508000000004
35.45466582418114,461.7957
35.49892260831588,394.328415
35.54638153131788,388.42083
35.59335512864382,386.66298
35.64356265217806,361.08463
35.69205103279591,354.8948
35.73630787175348,362.837815
35.78318250060135,381.34512
35.83332341320994,389.72946
35.879833985500724,363.63986
35.925207818363326,358.86514
35.979560230692655,372.66467
36.02583008074741,396.35377
36.07222282194954,399.032395
36.120652970369306,363.44861000000003
36.163458812477245,359.413325
36.21342388714126,374.89841
36.26095731123845,361.3748
36.3118434944597,354.44806
36.35705433027781,358.41544
36.40691880614286,360.8586
36.45368140081422,357.42753500000003
36.49989384366113,350.19284
36.54558168709193,362.71637
36.596627341150594,358.21896
36.64781725737113,356.4406
36.68860950634989,355.91528
36.73941887411986,354.32483
36.78503022614033,372.31668
36.83475928200177,363.65103
36.880628902083885,365.53265
36.927279993785206,361.00937
36.97672502720281,364.95178
37.02361871168264,366.99158
37.07332066102934,383.63275
37.11910961512628,358.51535
37.163659016989975,356.89996
37.212379134487335,356.023465
37.26122537035241,356.1247
37.31019814260503,365.7328
37.355883850555195,376.12697000000003
37.40099523271757,360.97069999999997
37.451015690663446,355.66113
37.49910364897252,359.82205
37.54731250861707,366.8242
37.59495104103304,350.20669499999997
37.642707510541484,352.196
37.691971481604774,356.43612
37.731612107292854,379.26937
37.78180004132228,365.5862
37.83701641751935,352.74414
37.88116147771076,373.51462
37.92821854713124,365.90175999999997
37.97679813501758,353.19986
38.025497538697905,359.18466
38.069358754770604,357.890625
38.12063268612271,357.536895
38.17089316553091,377.017375
38.21507614184168,357.79404999999997
38.267938428707765,354.99454
38.30731840771953,365.344765
38.353957836673914,350.47382
38.40360807656949,358.5399
38.4504477952968,395.1024
38.49814190682869,353.8912
38.54159733864251,359.57648
38.59677401409217,354.89792
38.64555162671493,351.28752
38.68931002678089,365.459635
38.73829649955313,401.76663
38.78226394684565,384.72245
38.8366192501458,379.1034
38.88153297944635,389.6121
38.92949872259056,404.47104
38.976094081942506,427.714585
39.023535540453864,438.10062
39.06885323463646,396.63657
39.11575953898189,370.615525
39.16426443722089,366.8556
39.2188722714256,380.623855
39.26235964134051,431.75838
39.30820429134675,396.37317
39.35487805273547,358.50378
39.40166578926864,366.29895
39.4493130821307,363.01936
39.50086069237233,386.49998500000004
39.54340449747917,378.22034
39.59136674943122,365.55883500000004
39.64554704975758,361.81339
39.69067303799166,367.6068
39.73972933271914,363.80032
39.788896236607414,424.49375499999996
39.83046681786426,379.10492
39.885256722254574,386.25667
39.93706176425307,359.90994
39.9734839194141,382.26827000000003
40.02239938551718,377.66920500000003
40.06908608401335,363.63754
40.119774295836166,363.454915
40.16746071221172,402.26687000000004
40.21287243029851,421.59105
40.26153128656399,433.66605
40.308721101942226,407.2517
40.35758813341839,429.33936
40.40497986663884,385.790755
40.449301841532495,375.113735
40.49848709491315,374.28153499999996
40.546161091787745,481.8269
40.59554308544067,412.5869
40.64103704934058,430.688965
40.69462816311989,371.6397
40.742726561579566,369.7123
40.78449338738359,395.176225
40.83036316897183,368.05818
40.8803601618381,374.81547
40.929656150779955,397.86807
40.97500372367256,411.50595
41.02531313434051,376.867
41.06921940316792,374.36954
41.12462622752678,384.44174
41.16708455648945,383.42188
41.221084471277535,388.82098
41.26453770096483,375.85285
41.30889307689761,374.46762
41.36074614087138,383.58472
41.406932907088816,375.27274
41.45403655960512,387.30260999999996
41.50206234223275,377.39229
41.54852352301134,434.764375
41.591746614797245,453.5244
41.64255000545688,387.43674
41.69513178665473,390.5878
41.73610787321766,399.8298
41.78637742389088,447.35663
41.83086886251206,390.61462
41.88133485625238,394.83501
41.92937453794239,396.71228
41.97581818280803,428.08196999999996
42.022350203455645,396.38162
42.06642492858355,408.27612
42.11907914751359,385.35373
42.163327538439205,379.16833499999996
42.21277495668807,436.55554
42.26232128679943,418.87082
42.306826236440386,392.02805
42.352268987104296,391.06584999999995
42.40381364000369,388.24069999999995
42.45201790587052,380.332305
42.50031496022358,396.27826
42.546975139402505,398.67359999999996
42.59632136440011,395.98383
42.64489607073932,385.156525
42.69356387679593,380.95837
42.74406853994252,384.7754
42.78070356304993,379.6287
42.82613425078845,382.57965
42.88042126321872,381.384505
42.93303948275103,383.04916000000003
42.97887872669536,380.99966
43.031575289132086,378.25217
43.07392056880872,373.40564
43.118104089354915,371.59150999999997
43.17033807391985,384.780735
43.21202272565637,371.9285
43.26533506588696,365.5244
43.30811913109786,391.74963
43.35800156173494,387.9434
43.40356401404694,386.98951999999997
43.45816423429732,355.43607
43.50414614004855,359.38955999999996
43.54072670346172,356.52687000000003
43.59471115634928,387.4954
43.647000830016346,393.793
43.68854528845277,374.50668
43.736492256247814,374.02322
43.789968726199895,384.38058
43.826284881179774,393.93164
43.875390004016765,379.88498
43.92549688055298,390.671225
43.97569731825875,395.58475999999996
44.02141507089663,379.8091
44.07087747782379,377.9437
44.120430345907934,379.75845000000004
44.170231837526146,379.45169
44.21519897171396,375.2597
44.25855260289745,370.69568
44.310326992416435,371.224335
44.356582080077025,373.3701
44.40758473481468,377.26459
44.45217353183333,372.95094
44.49962832505349,369.19693
44.54623180592863,368.38107
44.590110711551084,369.53693499999997
44.6490361377398,380.45285
44.68651413626557,410.48521500000004
44.7371892984977,387.01974
44.78701570359043,385.96868
44.83354341139206,383.1589
44.88221378202672,382.1072
44.92473294158343,388.1817
44.97299887295499,395.97037
45.017552608643406,380.61751000000004
45.07358111207176,382.88397
45.12114981664392,388.37495
45.168798005931905,389.1909
45.21270513471782,378.9125
45.26433440268361,378.00345
45.31222253962969,377.9069
45.35923077960946,376.68368499999997
45.402469352571494,380.86218
45.44962541486687,379.36783
45.49975303784354,398.6233
45.55093420097616,435.27576
45.58671819777059,474.51086
45.64484011458839,457.36724
45.69239273627721,440.83337
45.74196873592777,385.97015
45.78188501844917,393.52042
45.83063717097298,389.01248
45.880448020943334,372.12075000000004
45.9274060866179,368.203835
45.975419647274606,370.7037
46.031370767010785,374.99365
46.06971409686762,388.93466
46.1150033901208,367.698885
46.16727042080831,386.60981000000004
46.22358438863293,443.8088
46.259206077993696,450.71548
46.31073468849062,383.88742
46.36235208132776,398.8022
46.40609841665101,406.057645
46.45389307120918,443.01748499999997
46.49976802034897,448.531385
46.5467123003614,440.310605
46.59372946635306,424.18167
46.648842379904806,402.251905
46.68697900929014,390.68503499999997
46.73723136300495,404.478035
46.78454398468021,379.82593
46.83899397824668,375.40155
46.88141092619451,375.66226
46.92793487092913,378.55002
46.97966938051451,373.1225
47.02017896941868,370.82829000000004
47.07504788796365,372.11856
47.12084633980426,374.600875
47.16569236842937,389.97797
47.216732936260215,400.57065
47.25660212027502,410.583565
47.31393988905313,382.850765
47.35906481317197,333.43095
47.403435797947616,353.81926
47.451568488654736,331.829285
47.49792258935743,339.23627
47.54950713459962,330.64105
47.594971278306915,340.14206
47.642571943072646,336.70786
47.68505900533227,340.43737
47.73487210814662,336.77720999999997
47.780602773505876,342.900065
47.82848219085597,345.2688
47.88269324438875,332.60170000000005
47.927590875999,327.78445
47.97569061595293,330.09546
48.02281453213048,332.044735
48.074205477708986,329.8985
48.118320266927,329.4429
48.16460010112446,320.08988999999997
48.21305434490316,318.10539
48.26580404885839,313.51028
48.303969013912024,314.58322
48.35779265714804,317.06607499999996
48.40123368710597,318.88313500000004
48.451102677116324,318.262765
48.50211119678303,315.53234999999995
48.54787360014093,317.5396
48.59689913921894,325.94617
48.64172513435778,335.95224
48.68340395184332,325.141985
48.73798605444322,326.19043
48.78729419430411,317.517065
48.832378317771514,308.16553
48.88397796185087,306.47827
48.92596134260499,301.68482500000005
48.975548015719795,303.60663
49.027368960549566,316.33245
49.072777900109486,301.230315
49.11499828052246,314.749955
49.16703427928208,331.6745
49.21806404930531,341.40668
49.26046622209872,340.34958
49.306189532072416,385.5569
49.359611276934345,339.50410999999997
49.40983853089416,331.44357
49.45601926444749,341.784485
49.50503587855819,332.2848
49.54889368487874,335.89792
49.595004797166595,350.7484
49.64117778469807,363.6001
49.687412696612654,362.37567
49.73150350329742,394.17746
49.78227750761588,409.91373
49.83091371294248,411.80237
49.8851568533372,337.82831999999996
49.92839084828613,453.42737999999997
49.97278846058605,460.32803
50.03059023081622,404.12042
50.06620805834552,464.64993
50.120817993889865,495.615205
50.16211028061936,347.17462
50.210159671579895,383.75046
50.26275364639801,347.97266
50.312061489824785,373.29355
50.35919226287182,359.54102
50.40751016078225,350.83029
50.45139006030895,381.1229
50.499833345324234,362.164185
50.54834241985368,385.90732
50.59239590389796,371.513335
50.645558115604,359.22366
50.69539850174789,354.960715
50.7339587570587,372.44397
50.782785432717844,372.71220500000004
50.838505698938256,372.20903
50.884055249300715,370.37357
50.92805764602863,370.63855
50.97075728057782,375.730345
51.02104779597115,372.31595
51.07140792173227,371.69681
51.11037005946004,396.68716
51.16200159024932,370.72211
51.218305320668215,364.50705
51.265483018141516,365.45495
51.311568405188325,363.50532499999997
51.35221095249065,375.771695
51.55794460130208,369.04108
51.59277726564214,362.24564999999996
51.64508710674116,379.430755
51.68116541208127,375.04178
51.74876031756549,428.1103
51.78493906268811,407.035275
51.83517915990047,360.37805
51.87729257157847,432.97604
51.92882835883383,370.9093
51.98043464859123,351.49211
52.02036033055196,336.38657
52.06973852371248,343.222675
52.11918078694116,416.6072
52.16634692979318,371.98978999999997
52.21235354311158,334.78204500000004
52.26150422283409,337.85495000000003
52.310489188666665,339.27325
52.36142939571128,349.98187
52.406502684963606,339.480435
52.44925212311546,336.36025
52.49918658082203,327.28729
52.54680316615928,341.327035
52.59686370841815,334.6442
52.63982416498582,332.884505
52.693591661299266,337.71402
52.73905298267952,325.0307
52.78696449099067,333.91564500000004
52.833734628014426,325.66200000000003
52.888971513845505,335.9792
52.92744270954414,337.31958
52.97438055615313,320.6108
53.02380480243279,327.538265
53.07204608302679,339.24911499999996
53.12399139109733,344.013
53.16632272720209,309.55237
53.215968322221734,302.1566
53.262037370684894,296.55708
53.30815840479617,298.82346
53.35919742480668,295.74737500000003
53.40543124360677,302.48846
53.45415631193532,296.21857
53.50294057636459,306.68362
53.54689725687733,290.82153
53.5970172242621,290.587035
53.63985193525829,300.88293
53.68763552895661,291.50122
53.73917706806957,301.56221
53.78460071684426,288.5957
53.8337855080163,283.1265
53.87933418941779,291.45326
53.932333053346895,283.51053
53.968115354408916,280.66185
54.02617380849457,291.70993
54.06822464456355,335.46054
54.1202293199295,268.7164
54.16613629319157,269.96739
54.21576141876765,275.703985
54.256821097335745,275.35422
54.3040077730484,273.46490500000004
54.361294467260954,270.50803
54.39996471665805,283.31775000000005
54.45371465013051,287.20335
54.50235589013176,267.70872499999996
54.54614419360174,269.60876
54.59624423410078,280.09647
54.638876161634904,288.24243
54.69159894797715,294.08093
54.73809994804715,256.063225
54.78465217858725,240.33165
54.827475038272354,257.3459
54.87286418292122,262.18744
54.927162431843264,257.98915999999997
54.98149064331353,256.07693
55.0232465078318,265.99088
55.0764493922107,262.50928999999996
55.11878402758111,259.39392499999997
55.17924227105872,257.76416
55.212289756144045,255.47646
55.261908561816824,246.86481500000002
55.40983111195839,220.131915
55.44944785073029,211.20729
55.50317991916515,210.49944
55.53942237217993,211.939785
55.601133359575904,209.125815
55.64422173352497,226.217285
55.690480244834106,299.86078
55.73936114199566,265.0842
55.785719838337336,243.09479
55.83599690375412,222.490585
55.87858399347377,219.06102
55.92771489286832,222.69446
55.971643929826726,248.29883
56.02472393777382,261.50307
56.0713831543341,245.26609000000002
56.11549529856562,270.06111
56.17134652922378,222.24884
56.21570001478839,215.08842
56.25851029570133,209.586655
56.301504066961286,199.18915
56.35758825448981,203.686175
56.403289751372505,204.76518
56.452961196760654,203.65498
56.49794136936668,204.13606
56.544604468251805,215.36656
56.597055354708544,204.6342
56.63963441989044,212.33563
56.69161995069659,232.71722
56.73765997149803,201.31482
56.78638124909473,201.10953
56.82882844476613,202.80614
56.87374869874684,211.61938
56.931535559123326,218.72523
56.972525696798215,202.24608
57.02985736417819,212.05394
57.071846469428415,219.14297
57.11482746117731,213.07784
57.16606705412748,206.430185
57.212584499005224,203.19032
57.264472905847796,208.60023
57.31242131012534,211.38227999999998
57.35775121726684,203.65275
57.40581641363005,204.04594
57.45789918673088,204.51962
57.495342744116165,200.83333
57.54896899010944,204.31319
57.593505853898606,204.62126999999998
57.64083105069545,211.62415
57.69106756453471,219.60553
57.73945327494456,234.59486
57.78788837745934,237.21854
57.83367811727012,208.86826
57.87681453489219,216.88657
57.92945028530582,192.832295
57.97401414234025,193.06177
58.02133550008185,190.756035
58.07141146762603,193.7565
58.118913542060675,207.6967
58.16222276091875,198.781945
58.216541311726644,197.6446
58.26272093089412,208.36046499999998
58.30216223585712,190.50957
58.35389272931062,184.88239
58.39511232568615,187.9781
58.45069474716256,197.28625499999998
58.498484886185835,185.94397
58.54516803152518,186.41177
58.59709286290301,187.28237000000001
58.63558560380745,189.83583
58.69011319815117,220.07625
58.73676460609482,189.17252
58.78758233370455,194.98011000000002
58.83335869097055,213.0521
58.88249030307971,180.895
58.92807477779097,178.490195
58.97122255132207,182.714755
59.02396389520805,182.90514
59.079784812450676,187.18036
59.11986477778908,190.21562
59.16692159915846,210.53354
59.21540846577423,194.057725
59.258566528297735,195.3691
59.30844395704668,197.30012499999998
59.3583703261858,194.28964
59.41125931766721,191.32738
59.44757918478041,194.87534
59.50173764969114,237.89147000000003
59.5477785314644,198.76902
59.59381728314509,203.334395
59.64411275808612,205.82185
59.688861493198594,197.129305
59.74345199621382,207.62103
59.78138883904311,211.925555
59.8317922534424,212.88425999999998
59.878076096786664,190.60242
59.9293800413864,205.704005
59.977956701250335,211.406105
60.019528623150826,207.83789
60.072480257783056,213.69681500000002
60.120159273367776,204.32492
60.16827904704889,205.38135
60.210938019349,211.35057
60.269913134736015,205.88074
60.30954265973179,206.565305
60.35912140883414,273.06815
60.40591012638587,295.75388
60.45132071505782,308.21475999999996
60.49961227074308,204.90271
60.55079289244814,197.25614000000002
60.59348108595458,214.92126
60.64190254773266,262.65973
60.69179446635012,275.00784
60.74030566232926,237.611625
60.78886102058066,210.29248
60.834600542343196,226.46741500000002
60.88467292656053,221.19037
60.922781022204894,204.78241
60.97062000676036,209.65898
61.02297194132874,200.83789
61.0660879767552,202.45184
61.11316020390976,210.799325
61.165987542330896,217.18103
61.2220844945394,236.90017
61.26389115488641,236.865025
61.31001243464328,242.40474
61.359083219837075,253.23477
61.405307676012114,266.640855
61.453017561517996,208.506215
61.4964261665567,204.915875
61.54773992994332,204.97631
61.60596345392622,219.93383
61.64862680154803,221.67307
61.692189805542206,204.57
61.73287967473619,234.12555
61.7866940859233,205.39387
61.82647487283984,208.58059
61.884274687414376,205.9285
61.92510514266858,210.84303
61.97910566695067,216.647175
62.02337340558085,211.70478
62.07263499604898,209.908235
62.11833737837674,203.80025
62.16925034146964,203.68866500000001
62.20955551160886,222.09166
62.264563707366754,212.93034
62.30420270720924,214.33944
62.36444812363691,223.52072
62.40415691089628,214.03293000000002
62.44874005475,210.933735
62.501431466236774,214.938915
62.54851755931318,202.754455
62.59439694877827,208.28882
62.63900905102908,214.07347
62.68638592567835,217.981165
62.7390994211027,224.51184
62.78948165567962,239.20299
62.83092146859111,220.55914
62.890238802341024,220.76974
62.92451303590188,214.27062999999998
62.9675350395978,225.364035
63.02840940297417,204.11874
63.0656248992198,209.0024
63.11926996087426,198.7894
63.1653704689499,215.382
63.21309227114003,206.432135
63.25935965247375,211.34569
63.31164069536079,208.66568999999998
63.35499449329799,199.04488
63.40374397019999,196.8234
63.44673511171073,201.275415
63.508181957979005,232.162385
63.5497291733855,210.23743
63.59475852903986,215.82318
63.64132471093811,255.46419
63.689430864541656,207.738005
63.739080912656874,198.0095
63.78476344311818,212.837895
63.83035390899393,198.51823
63.88161417094729,199.78679
63.92299188352756,217.7316
63.97736776257274,216.19476
64.02276554266211,178.28941
64.06517048922173,178.28722
64.11745817579296,177.06008
64.16593586449123,186.06877
64.21702083873942,175.27845000000002
64.26060460780671,177.94519000000003
64.30649840340097,180.634865
64.36582659274633,183.82817
64.40052847464449,199.37546
64.45675831255762,192.24164
64.49332078187275,192.2207
64.54973038488083,205.25942500000002
64.5949183108601,207.92798
64.64288961910975,206.42429
64.69484845347766,187.06271
64.7385309933397,197.64151
64.78444951379886,206.34225500000002
64.82976991605844,176.51933
64.88619685931312,182.927135
64.9337534483442,174.44374
64.9745792271327,174.9957
65.02374837640147,175.88347
65.07294671052205,194.889275
65.12741725631321,202.93784
65.16437283653423,180.01274
65.20789993072555,176.01308
65.26765366372481,181.56613
65.31240901152636,164.41356
65.35256140720249,172.79309
65.40529923442456,177.5067
65.45469558989566,179.33722
65.50258160564226,180.996825
65.54905043132223,169.92221999999998
65.59245138929806,158.38150000000002
65.63838778388032,161.59937
65.69427128170138,164.1544
65.74396154743695,162.79532
65.7812631233669,178.03093
65.8395068045212,174.50165
65.87461829549807,168.58341000000001
65.92667691404978,165.96228
65.9703298987226,195.84282
66.02191269813673,210.36119000000002
66.07177863468868,231.155205
66.12177992718097,187.21916
66.16722385888129,187.53801
66.21406867232153,163.70013
66.25376348427376,173.70838
66.31841440481837,197.58855
66.35289861732598,207.0648
66.40530978206648,210.85223
66.45242005262502,201.59952
66.49799159839228,171.21346
66.54673996821448,188.78897
66.600246389585,171.42152
66.638985839877,174.27826
66.69253618588763,169.73721
66.7367215065783,170.44661
66.78722082368017,182.24736
66.8314264400798,179.12117
66.88106016974983,177.88664
66.93577900493631,175.89162
66.97756049191398,189.249925
67.02441049576483,177.83594
67.06992853412004,177.61386
67.11933089600194,175.83784500000002
67.16337850091944,177.05733
67.21477271426012,177.44444
67.25913723428704,183.814365
67.31558457338222,218.11095
67.35382493265563,188.12453
67.39718773049685,182.23838
67.4534946973219,187.818915
67.5077188083774,188.12213
67.54990504507423,188.33848
67.58989546319259,193.53874
67.64251895041735,207.70989
67.69363209047421,206.08603
67.73870524965167,207.868085
67.7800536964414,210.926545
67.83291877497575,234.05424
67.88101189948702,245.3247
67.92913766983604,190.65268
67.97890149972652,196.80296
68.02548593318066,186.71251
68.06411174633199,194.57153
68.12518183630243,189.28156
68.16222620399796,184.10589499999998
68.20983564454622,184.0469
68.26107874813698,190.74893
68.30448545591938,184.85368499999998
68.35779556504819,192.804325
68.40596242744664,185.80547
68.45166081501036,189.62073
68.50333950487175,191.64547
68.554675091907,202.10023
68.59171054513547,214.819275
68.64517159535879,210.44609
68.68569832323016,207.05631
68.73760489324934,207.879355
68.78467662280306,207.9932
68.83340288766634,211.93968
68.87890967989307,198.74503
68.92444426573869,185.62144
68.97259278031997,197.41227500000002
69.02308839673657,211.44691
69.0714515640225,209.44829
69.11554884603275,242.814325
69.1639555838426,193.991075
69.21554129909259,194.77559
69.26454365402185,191.201205
69.30703745025345,189.415485
69.35927354673501,193.68547999999998
69.40844996720969,191.97252
69.45759914056228,190.75468999999998
69.50021314790635,210.74937
69.55363243162205,223.128065
69.59765122466622,188.3248
69.64573650178886,187.555605
69.68730457918355,185.05819
69.74320129470534,186.18161
69.79186908546338,179.21208
69.83105917739063,178.1064
69.88112983077716,181.15895
69.92520641223518,183.766515
69.97016308379678,190.92543
70.0196219052822,185.31459
70.07058777572301,207.39514000000003
70.12132812768725,193.82674
70.16609534836314,197.88600000000002
70.21490384511904,188.29997
70.2602961513784,196.89328
70.30757139665651,194.77982
70.35630526960765,191.97897
70.4013346272335,192.10762499999998
70.45347679982834,191.22977
70.49994879319088,186.82622
70.54641223750886,186.65929
70.59297408653916,194.4976
70.64615363781863,196.92699
70.69275362722085,189.013
70.73603390046821,190.70726
70.7804565380321,189.72213
70.83418933877269,231.01239500000003
70.8817020905452,186.98376
70.93042900888642,174.759825
70.98025541597428,179.705715
71.01885842155113,180.47597
71.06974061474445,177.81026
71.1177642697562,177.559495
71.17413320453107,181.648635
71.20951723339587,174.65105499999999
71.26679165321663,175.09338
71.30717151874292,182.48394
71.35780695374613,177.67517
71.41050450805622,191.2106
71.45500376390893,201.74779
71.49485276019118,214.61685
71.54928543772509,219.48132
71.59206081296851,224.20857
71.6559638645333,241.06937
71.69132855952488,231.68806999999998
71.74356051137774,223.51172
71.78757739410455,228.85163
71.83524192205657,228.611335
71.87681323687923,225.77831
71.92629564647639,220.268245
71.96484866317613,218.54185999999999
72.02438185097745,243.36906
72.07636846955032,243.38502
72.11865196066255,222.42143
72.17106568269165,228.51307
72.20763339047014,234.92236
72.26266104137308,231.16227
72.31615271861018,231.72626
72.35009267735663,220.33775
72.40722716340329,221.25774
72.4443883671233,238.47414
72.50196620666574,228.099205
72.55034923917898,229.54075
72.60063716656217,236.18639
72.63809288725835,237.233635
72.69260205121897,228.94421
72.734097151812,228.80008500000002
72.7822473140977,222.60946
72.83339479559737,227.63182
72.8742034285508,234.27156
72.91785964997194,233.58296
72.97691693726179,218.004525
73.01457075490183,218.22275
73.07078374801245,225.65723500000001
73.12650637141623,212.68253
73.16091719355238,200.8201
73.21312036340407,154.30792
73.26402722500049,152.43547
73.30230956035365,151.60681
73.35303807501748,173.004775
73.41125495619397,200.17692499999998
73.44891417608967,172.90417
73.50141589969202,172.38832
73.54518556130063,179.92555
73.60029668104532,170.79677
73.64894269504964,168.002555
73.68466647672085,185.291745
73.73824420354055,184.75519
73.78388682067579,181.00127
73.83523868988358,187.55876
73.87663827391847,176.01033
73.94009525430428,176.13961
73.96856478838558,175.50635499999999
74.02528441460052,173.86947
74.06313753593503,172.546795
74.11509222889481,170.18506
74.17440356182783,179.83829500000002
74.21597030486417,182.37714499999998
74.267967228258,194.15413
74.30958834342275,191.121605
74.3537916953407,191.97939
74.40647878224377,196.08279
74.45486127700887,202.013995
74.4947845585492,194.42909
74.54568751341145,197.65749
74.59437041567762,202.87642
74.6395976131368,208.3841
74.69157266575837,198.692555
74.73705391447557,190.19756
74.78362985750306,195.01918999999998
74.8346508915686,193.27695
74.88603880800355,202.84685
74.92884748007764,205.11171
74.98117948671211,231.879175
75.02433257665562,216.77809000000002
75.07891262899668,199.38658
75.12436167155455,192.45547
75.16540377331009,202.5274
75.21461053263276,201.16658
75.25664684827832,195.54242
75.30998655628429,194.91707
75.35802125506508,196.20045
75.40459241026784,198.4735
75.45278156212437,195.01147
75.50285123833886,200.62817
75.54446150076657,188.41384499999998
75.5976636915201,192.29118
75.64295053516972,196.58697
75.68870708750053,194.098
75.74150611076118,193.860555
75.7801571883829,193.583235
75.83604251651604,177.27065
75.8791096805987,166.6124
75.9284310024386,167.33161
75.97423031472405,171.97563
76.0200861832433,171.38195000000002
76.08008908873177,166.90015
76.11536204458109,169.53041
76.16482545262211,168.806015
76.21782301415234,171.161565
76.26024524522236,175.85442999999998
76.31325234875496,187.93246
76.35929284304532,174.90278
76.40881889244011,179.741115
76.45129801877368,182.43383999999998
76.50447052443324,174.36516
76.54699051449778,171.92824
76.59661325571004,161.99788
76.64272788431815,172.943535
76.68533509487767,167.47309
76.73859444862916,158.77756
76.78832152096192,155.57634
76.83804354938898,151.2657
76.88070421293268,153.50082
76.93406694249026,164.92646000000002
76.97321967000488,156.0341
77.01949247948059,194.83712000000003
77.07645595378666,150.69000499999999
77.12267432505475,149.83127
77.15129706093546,146.63057
77.21546930864372,149.79976
77.26183356649479,150.63241
77.31537855745599,147.8582
77.35465073077198,152.65598
77.404639297147,150.85617000000002
77.45825172288784,160.20052
77.49755925887558,155.987005
77.54048478401246,148.44204000000002
77.60127597093914,179.33342
77.64783423050719,151.31633
77.68719282605176,168.62933
77.73018933209156,153.65007
77.7875239895435,156.68565999999998
77.83412946847449,157.99266
77.8879132590476,154.24274
77.92740931652057,151.965935
77.98122261239703,150.85963
78.02791366463035,164.63013999999998
78.07819893810961,156.84001
78.12132497142628,157.1671
78.1644950717447,207.075595
78.20765245402788,151.33525
78.26159313653146,154.12889
78.31918675428841,152.35938
78.35882654523712,166.28746
78.4092550342058,153.158355
78.44890145361057,151.53056
78.49937285221694,156.96883
78.54986525642336,161.82497
78.60035038681147,180.31267
78.6436922520684,173.3694
78.68704947114915,153.69006
78.74841984003957,164.30723
78.78453952662204,170.436465
78.82792750141658,148.9056
78.88216287273463,156.87607
78.93281278427712,157.27939
78.97627153225257,201.89781
79.02694572381523,169.53643499999998
79.06678634081368,182.97815500000002
79.11749678231001,167.577425
79.17189586719012,176.086605
79.22263430041595,158.11064
79.25170961836088,156.63672
79.30973900685596,159.3358
79.36779456303644,162.26851
79.39684651185286,165.1316
79.46223713733383,184.14351
79.5022571392928,157.473495
79.55677749590309,156.07431
79.60404559402394,154.88405
79.64405214161131,155.44775
79.68775434676358,161.94163
79.74963576268277,164.592125
79.7751059620172,160.6361
79.82614985203486,149.79518
79.88082023557513,154.42977
79.92092574558536,153.93403
79.97928281358496,151.71313
80.01940450249384,151.101845
80.0595661174519,150.36663
80.10337687646904,147.74149
80.15816094279944,149.062625
80.21296741284797,149.56948
80.25682839344522,151.03535
80.2897335219865,152.08417500000002
80.35922590207127,152.15059
80.39947456843787,155.533905
80.43973524248372,150.56905
80.51296641405148,154.26884
80.54959661151048,155.36266
80.5935658788195,156.09169
80.64121488098053,153.769405
80.68154600408477,152.24132
80.72922552944738,158.66908
80.80627953427373,171.49995
80.83197384036089,175.071525
80.88704873298846,167.620395
80.93479746517983,107.518382
81.02661013333643,158.25027
81.07796818891805,173.50903
81.11106786546777,172.21692
81.17001651459327,190.47884
81.20681778724598,195.7543
81.27296878522367,195.58429
81.30617060214868,195.86426
81.35958595897097,198.52132999999998
81.39635787261926,202.068915
81.44426151943921,194.632735
81.50885450619637,192.33694500000001
81.54757510809354,193.619825
81.59730659746721,192.62249500000001
81.64536743117293,194.07792999999998
81.6860097747379,193.87887
81.74872551073977,192.37782
81.78939567315993,193.14114
81.83373365070362,196.06516
81.8799638759362,192.00519
81.91875352696927,191.4344
81.97238909258505,185.089145
82.0223425151987,175.42593
82.06315880333074,168.50137999999998
82.12243748184386,169.79152499999998
82.15580472517962,178.97406
82.22246416320655,148.52343
82.25578930774861,127.00422
82.30389365951767,152.44675
82.35957554974438,308.05206
82.39303197895887,237.88697000000002
82.43543315976368,417.79542000000004
82.49483923963587,389.25522
82.55047256252027,226.43561499999998
82.59355616666376,227.81436
82.68269785851601,227.8166
82.7459340872918,220.68832500000002
82.79054449606733,225.86713500000002
82.83491683460264,220.20979
82.87607051159888,220.52205
82.92820094580705,219.02332
82.97651180786895,219.27299
83.0250225362383,218.28914
83.07343117210422,218.053575
83.11815640727522,221.005645
83.16654841706904,219.11128
83.21504193302499,220.570465
83.25980165385398,220.45339
83.31199451615953,225.439855
83.353084715883,223.86752
83.40157922209022,231.21823
83.45383577717834,228.065405
83.49864773887596,230.13522
83.54722194206582,234.64941
83.5957896006948,231.278785
83.64428367503339,226.166965
83.68549007638839,226.06705499999998
83.73785679316457,221.70139999999998
83.79020447405573,228.06599
83.83876704926196,230.21664
83.88377723082336,238.1092
83.9281040342734,226.2872
83.96986932133026,225.62246499999998
84.02576847662517,229.73355
84.06329191246792,228.33473
84.11600101165988,228.32155
84.15323955944835,223.11237
84.19847548973358,219.82143
84.26935637974519,220.78091
84.30257747980572,219.67458
84.36334992578969,227.50003
84.40443306632105,229.75867499999998
84.44987793099314,231.663415
84.49869721358024,224.559
84.54752952273188,221.912545
84.60011202345757,218.779835
84.64827509940314,221.47879
84.6940969884175,226.45883500000002
84.73546412562644,219.593505
84.78799629403937,229.23230999999998
84.84455181065464,220.53865
84.88218260040549,213.61284
84.93410254701449,216.16899
84.979693176421,221.8973
85.02864896143947,220.99693000000002
85.07761698338804,219.82738
85.11514590032648,223.8269
85.16763951656141,240.98923
85.2061279918517,247.334
85.26641406725997,227.94696
85.31168959915074,224.75867
85.37201654586838,220.2859
85.4172959213961,224.94055
85.44376682933819,225.80484
85.50412449522568,215.41328499999997
85.54527706795835,213.86668
85.59009333804022,216.75511
85.63973010698408,214.539205
85.69247878719898,213.792775
85.73390168067365,217.12445
85.78673336952653,214.51992
85.83201566907924,217.09433
85.88200555601043,214.02739
85.93466773765637,214.47348
85.9764934491127,221.76723
86.02579868452182,223.214675
86.07499702873815,230.08295
86.12040000516994,214.82513
86.16584190201392,219.28989
86.2145970422747,221.14755
86.25678414763372,223.72256
86.30983405383982,219.99373
86.3628820671355,214.37474500000002
86.40459771597685,215.354985
86.45006897348158,217.27289
86.49130118832736,215.183555
86.5404653856454,223.3632
86.59027741574599,227.09163
86.6473355694939,218.39713
86.68151765205818,214.22935999999999
86.7380294158225,219.13785000000001
86.78025603954725,226.98177
86.83722787822512,220.537575
86.88206233415826,224.023905
86.92461181851719,229.26683
86.97401739074172,254.073625
87.01961674976735,274.87273
87.06524359291782,269.01648
87.1184924756348,249.44781
87.16413455833194,223.44933
87.20978504620594,218.21764
87.26305507709348,231.34981
87.31633679397096,244.07198
87.35439100147701,238.48032
87.40006813260163,246.6793
87.44957666566239,221.43947500000002
87.49840884708509,222.60854
87.54862724584311,221.17971
87.59583237269655,222.92273
87.6393539231845,224.40055
87.68193567233693,220.425465
87.73155391613753,235.55984
87.78428007361208,224.49942
87.83451957872148,233.413855
87.87967635881347,236.13869
87.92928771979915,239.87189
87.97568517450115,222.95592
88.02856876523782,231.22737
88.0672684205106,227.22851500000002
88.11689090496759,229.46437
88.17038084982363,239.20222
88.21621202339973,226.36957
88.26587147848942,231.57707
88.31168899613542,230.388055
88.35757396353904,228.47625
88.40306703210669,219.64705500000002
88.45271558424494,221.66631999999998
88.49612942883432,226.969695
88.55226825588238,231.226535
88.59776860879138,222.32914499999998
88.63286325548378,219.96375
88.6933462355665,219.96654
88.7361506456088,221.59169500000002
88.7857114691347,225.609895
88.83567123771354,264.63710000000003
88.88544528490928,231.11229
88.92755784311869,257.54891999999995
88.9658617824442,239.61807
89.02333886394302,257.0935
89.06924776797898,265.92917
89.12291679808936,268.7098
89.16505329148856,284.401185
89.21870918560222,279.17969
89.26473718483908,281.18115
89.31071229153025,260.2795
89.35670903218892,280.64615000000003
89.40275750919176,237.38283
89.45261822447333,237.67816
89.50635339205702,234.1395
89.54083794363802,225.20083499999998
89.5983988575521,234.497
89.64391250832826,226.26851
89.6905081380325,232.146265
89.74797532368254,246.48036000000002
89.78269152786517,233.35461
89.83255997851826,236.345485
89.87479541969235,273.40033
89.93242949555739,254.44734
89.99006573612098,244.99738
90.0246303008448,250.36084
90.07456975376688,247.6058
90.1207177895914,239.73633
90.16659050064072,261.81528
90.21275057099749,258.09204
90.25524847947045,247.66488500000003
90.3052502851241,240.97778
90.35511840877692,245.82835
90.40524504976274,242.23404
90.4514242563857,244.39905
90.50456396741173,247.11632
90.5476010321587,247.76577
90.59761826130014,308.62924
90.63972242719488,287.144585
90.68992073443988,277.18735
90.73615758833654,346.3983
90.78231684058724,254.18286
90.83246044545481,267.302375
90.87480629299785,242.14307
90.9210234516623,265.73965
90.99385937122807,363.27202
91.02502541642507,291.84205
91.07508825503037,244.84581
91.11365112288118,257.54227
91.16762194198272,276.1509
91.22155043470372,274.19366
91.26010818580072,262.2966
91.31021769442047,260.21344
91.36034457604612,287.28162
91.40272917138158,247.657815
91.45292121930844,239.11893
91.51073683189402,253.137545
91.55237665042394,241.57033
91.59143421688856,236.56148
91.63378617724652,236.22509000000002
91.68378713592185,235.97148
91.7416378492596,247.22111
91.78851662401954,254.62831
91.83447842295851,269.459615
91.88114970768582,233.04707
91.9271507029241,291.54291
91.97332176042768,245.394065
92.0162863701566,253.86261
92.0857618839468,234.10387
92.11996954075079,229.74002000000002
92.16807447499916,243.29031500000002
92.22096902601876,272.21545
92.2634698585972,237.65299499999998
92.30983378104216,246.907265
92.35955048887772,407.13913
92.40229452474499,245.64882
92.45168383005966,243.86687
92.50300614751558,264.8379
92.54939992235369,297.47412
92.59178498973412,248.80346000000003
92.64216878364816,263.9559
92.68788308644314,249.78572
92.73881890447583,234.35196000000002
92.78438977896587,252.608675
92.83525271256335,254.46692000000002
92.87734700260212,262.5505
92.92826865123077,240.63257
92.9708318241902,241.73473
93.02454535923147,241.98133
93.06751546778423,249.23425
93.11352430825642,241.49621000000002
93.16426269966456,240.21482500000002
93.21458015769056,248.38634
93.26484830122592,263.13275
93.31903914473355,253.25213000000002
93.35385727449597,247.29726
93.40418111469316,245.090075
93.45016145811601,246.26788499999998
93.49317375437695,266.50443
93.54351111573449,251.97088000000002
93.59770776792307,246.194505
93.64382133155519,246.10580499999998
93.68626440383257,242.394465
93.74483315525873,260.65665
93.77882409369727,246.64287000000002
93.8337086239726,244.51404
93.8797660001223,248.62114
93.92617923370535,240.91183
93.97720616668792,239.25683
94.02755863969443,243.0244
94.07014632871906,246.997255
94.11641861240159,256.88855
94.16293542867305,248.241125
94.21738445746126,254.11738
94.2632802071679,262.1639
94.31420463254516,281.61035
94.35295119387564,385.5697
94.39947957259407,304.64307
94.45369957803996,259.29947
94.50795243433171,249.21666
94.55445737464586,244.94533
94.59711304853585,280.78542500000003
94.63975165184416,249.3944
94.69318463428093,271.34195
94.74051103244523,251.62243
94.77930677782018,243.91452
94.82580364113753,285.84906
94.89554997009957,252.0825
94.9304548701262,264.78597
94.97311420695388,307.91418
95.02350243500453,255.664065
95.07003232945632,243.016215
95.11657319234358,250.975865
95.16695690426596,249.00189
95.2210888729544,264.25998
95.26391396652309,244.59215
95.3026654946043,238.5381
95.3608160302946,239.31172
95.41051986245805,239.23112
95.45348585337769,260.32681
95.50045205436535,260.62524
95.55052859510064,239.296175
95.60514744411316,236.47776
95.64711574718228,255.72375
95.69046535060258,265.05987500000003
95.74090621511932,239.72112
95.79905384414836,233.93007
95.82761691851644,237.73246999999998
95.88343335283592,236.48973
95.93056884486649,248.60366
95.9745386727617,249.720975
96.02015663901912,246.18946499999998
96.07349526789262,250.95593
96.11713887072595,265.31229
96.15589835666827,239.93120499999998
96.21021968374396,240.01582000000002
96.25962657973288,250.51491
96.30675141958041,263.646435
96.36150420029692,253.10773
96.40418431020319,243.780245
96.45073997802062,272.52055499999994
96.50043624141318,259.54446
96.54874443441585,243.355055
96.60487179709196,275.28885
96.64081499511072,303.60345
96.68285003888911,269.3366
96.73355249572477,304.44037
96.78343672637052,258.24637
96.82998725022026,254.82378
96.88130117242319,260.60577
96.93176622844308,258.5369
96.97421349249672,248.801735
97.02098071256523,244.075415
97.07449465433248,262.0086
97.12151878791093,245.54825
97.1683700405824,250.75795
97.21810946769281,250.87720000000002
97.26148045353065,269.96267
97.30323361628916,258.49655
97.35454898429708,251.031265
97.40841653401382,251.93538
97.45074916370184,254.80243
97.50183865546438,267.9037
97.54447876084976,263.1645
97.59864213715662,277.4882
97.64156835781829,258.56506
97.69527882342764,292.2388
97.7463293564441,259.35114999999996
97.78124850568427,289.87143
97.82359939749975,290.341005
97.87814976052476,253.02618
97.92855378732934,236.0707
97.97857573226833,222.71462000000002
98.0282442051546,226.6823
98.0573568851477,233.821375
98.12578950513094,264.40301999999997
98.1698646354931,269.699435
98.22081449309762,251.542525
98.25964676790308,264.23758
98.31771162686465,260.57028
98.35458768221042,265.38203
98.40548581974994,272.25565
98.44752335440204,288.62918
98.498493477411,290.96664
98.55280429883268,266.2966
98.6026082716087,285.16152999999997
98.64170192031796,281.1203
98.69130146313891,272.31064
98.73447977485743,281.99945
98.7814524846423,289.7451
98.8396139769208,308.47278
98.87832494400848,301.25665
98.92483724358203,275.07535
98.9824952952423,265.5474
99.02838621471207,267.63239999999996
99.07597021692422,257.55945
99.12431405593031,256.849475
99.16070418431494,258.767805
99.21631690689928,279.775145
99.255145105611,282.053135
99.31500381566966,276.59427
99.35597623982048,279.75624
99.4081121973284,283.6277
99.447851133676,276.49933
99.49816992817887,275.50442499999997
99.53304899757715,268.10593
99.59497518009556,263.39285
99.64529055965284,257.609955
99.70243862521984,263.04526
99.74154663908176,264.8834
99.78858802592984,269.14548
99.83499904400388,257.30734
99.88537618576848,275.27494
99.92404002340896,258.5385
99.97433908486032,298.058
100.02395432367103,315.149045
100.07111330668221,331.823615
100.11368173895907,339.34875
100.1717259626108,257.666315
100.21765450151514,261.270305
100.26812267289993,259.20315
100.3025303795624,260.73196
100.36435975840668,238.43452
100.39998580904852,243.17691000000002
100.45307398394208,271.0509
100.50041734836152,247.271075
100.5425910376362,254.67714
100.59602940069786,248.40633
100.6474503387023,252.91063
100.68996127534886,254.20527
100.74293688467444,244.8925
100.78274924730658,235.78926
100.83297429129263,234.402615
100.87857548654225,233.25398
100.93072960292356,237.997775
100.9786829297673,238.98466
101.02620574756637,235.93301
101.06870275799977,239.81736999999998
101.11891104441874,255.1578
101.16435797530448,240.4536
101.2145682811805,242.74275
101.26459270389137,249.45836
101.31205937494336,236.2942
101.3506117717268,303.81177
101.40081876439103,294.699355
101.45099049959262,247.4023
101.49306958516769,259.72259499999996
101.55137887511032,259.7451
101.59383199559574,255.992705
101.64782731208015,275.28490999999997
101.68558820481644,279.6309
101.73629327271658,268.556965
101.79062455213912,259.62257999999997
101.85116986079782,272.9264
101.868586641295,273.19069
101.93296473598019,287.51645
101.97573446409278,284.53656
102.0181181359375,275.570235
102.07940620132898,287.030365
102.11452768850195,267.00299
102.16078232716504,283.45435
102.21048839969423,268.73184000000003
102.26482527001664,275.52823
102.31104435277396,277.69867
102.35621259187224,282.24463
102.40244057717324,319.35922
102.44144130996511,301.40497
102.49212380461888,300.61102
102.54984691599668,293.60538
102.5912699624385,307.63803
102.63989769127699,321.61275
102.68790643356388,292.579925
102.73394568697113,308.8984
102.7847110462933,296.38492
102.83855461352483,302.2397
102.87704983443074,296.5762
102.92705957536012,306.35004000000004
102.97710029722664,327.31067
103.0221427780426,308.16263
103.06937865525529,313.451435
103.11165178762352,294.83627
103.16934693226634,292.698315
103.2077645987864,285.49304
103.26645964498971,285.98338
103.30772449982142,286.7487
103.3493222995108,339.64462
103.41285795327494,334.06698500000005
103.4528135564946,315.6256
103.49500542730186,410.884095
103.5459042568898,308.31146
103.59966386962066,298.91623000000004
103.6418864234983,313.86023
103.68173632583853,301.623
103.74552860863342,305.46936
103.79156278538862,295.2308
103.83747796709332,323.50128
103.87981253634528,318.19415
103.92584658645752,308.12552
103.97707621337003,319.167345
104.02516902509248,324.86425499999996
104.07158088038457,304.146675
104.11744315859943,315.10588
104.1742323837204,337.39877
104.22493519141847,317.24324
104.25559199454742,325.56374
104.31443070161531,344.594085
104.35902060950497,326.736825
104.40498429975753,314.56223
104.4466964831308,320.895
104.49628124141951,372.114
104.54667110633788,385.40321
104.59643943465528,424.61353
104.64238528266588,333.58704
104.6882755793883,351.34665
104.73753596575497,337.13763
104.78371561045414,312.402415
104.82975714240202,319.39954
104.88248872549352,321.77032
104.94071750475166,334.40178000000003
104.97129442433058,317.82625
105.02863339627552,303.39734
105.06684332033535,303.410165
105.12025633024015,304.94276
105.17379534943814,308.474
105.2196891939468,313.75745
105.25398897805896,315.87665
105.31127497595224,311.85545
105.3605640977061,318.75363500000003
105.40291932540939,310.40216
105.4525309362676,309.99734
105.49448763588106,302.443955
105.55907569581404,311.187015
105.60894650133307,308.597085
105.647030156915,355.4882
105.68135685920012,332.40976
105.73857874193465,332.41843
105.78383946754232,310.35214499999995
105.8373232803895,322.57965
105.87848331097642,347.41415
105.9214689976904,298.1808
105.98519173864808,310.36862
106.02047335636908,307.97406
106.06617100539478,299.02066
106.11885537027332,297.15622
106.1689049121645,318.10324
106.20668153217579,321.05690000000004
106.25795034713462,305.788
106.30580640708482,316.35086
106.35912449768281,299.27628000000004
106.40473291426251,307.62727
106.45035712024524,344.282315
106.49975789061416,371.24365
106.54913881445555,352.576755
106.59476697654108,315.780465
106.6365325564732,326.11865
106.6896673714575,313.26816
106.73146067687333,351.675135
106.78460345123156,305.486175
106.8339395958489,290.14026
106.88323544588019,281.596235
106.92834605254654,285.70603500000004
106.97807090930687,285.35326499999996
107.0235835413496,269.1842
107.06140683155604,287.2478
107.12591323666948,264.24927
107.1562478610701,263.46408
107.20834459527568,274.10086
107.26346206839591,299.87172
107.30776415042075,299.353835
107.35698958854772,282.1409
107.40241497926452,257.48562000000004
107.4548674658118,261.59976
107.49820343732175,272.88547500000004
107.54621120180724,257.454115
107.5953786978731,264.6914
107.64189519098923,262.60598500000003
107.68990020946649,269.04767
107.73465412103508,264.0531
107.77604440838196,263.88266
107.83634367102032,259.6285
107.87881671236536,264.74264
107.935429028123,257.90765
107.97321112421416,261.34595
108.02982715796162,261.626565
108.06481020458727,264.217405
108.11553638763144,273.15814
108.16079896916956,275.16672
108.21060845984502,267.876415
108.26364518737655,267.204
108.3013962006496,268.02948
108.35413291663738,266.615525
108.40962216952448,268.48734
108.45481904309896,276.15842
108.49450488131957,267.19885
108.54750477892856,271.97691
108.59419892591275,265.73841
108.63979446767333,275.9189
108.68255814452965,325.61809
108.73807439855852,284.92682
108.78290549458963,270.742915
108.84709919845812,261.73898
108.88066122473344,272.758365
108.92896302311806,288.21132
108.97483185265192,267.59055
109.02702595374676,260.1213
109.07619584477108,260.4068
109.12078644332829,260.64868
109.16564112412684,259.96375
109.21769434194206,265.3732
109.2563440415282,268.61652
109.3048275969386,271.89786
109.35755580246574,260.6313
109.40939787759466,274.89395
109.44844633044805,270.48627
109.49617347449886,270.26196500000003
109.54862543887197,257.42569000000003
109.58873529376372,270.67032
109.6373944233112,269.8991
109.68644924759766,257.48407499999996
109.7465365886617,258.49523
109.78513261249029,272.679625
109.83376760216828,268.690355
109.8692785571991,271.887375
109.93365352744232,276.352925
109.9776369044018,290.73294
110.01501549248115,309.2346
110.06801135240138,302.92892
110.12058293745818,277.15738
110.16908135046214,283.54985
110.21694328849578,281.6185
110.26232268862312,279.00174
110.31082494686542,276.6904
110.35510050674873,276.499625
110.4071951092464,294.1376
110.44584882198038,274.421475
110.50544190897344,294.446595
110.55000661119351,280.41454999999996
110.59703107706252,303.170955
110.64311216562854,302.20709999999997
110.68781461712291,304.830965
110.74244134424514,296.81906
110.78624590869975,295.01077
110.83651382606187,304.17053
110.87927741658528,311.51907
110.92559935166472,323.03521
110.97579560431163,316.311995
111.02400441947796,319.36942
111.07248885055276,317.47797
111.1187849360976,305.5625
111.15967780851423,304.236405
111.21386290040485,309.26523
111.26164771946708,303.74423
111.30774456337213,307.47065499999997
111.3559120670568,321.70412999999996
111.4025025226245,302.06116
111.4504676222242,424.0329
111.49515038309431,313.50697
111.54691771931707,370.39572499999997
111.59482437695138,449.005515
111.64316427176004,406.13242
111.69082475494588,322.26852
111.73998275873682,354.22012
111.78062866322249,329.8945
111.82789007515284,314.5408
111.87555143215404,335.34326
111.92729268872536,311.67627
111.97343854433709,311.70305
112.0176395207908,314.173675
112.07665014247839,312.475225
112.11904979064964,325.86166
112.17433598793424,351.44797
112.21498122875336,310.11557
112.26462138518227,354.07529
112.30880906837314,346.89540999999997
112.35663531610115,321.97188
112.40079569401593,322.83595
112.45459818282652,319.42578
112.49826959021424,335.5051
112.55413817063578,317.94232999999997
112.59494325432264,320.4773
112.64268586742799,318.56341499999996
112.69045228004671,316.43575999999996
112.73818343977538,337.31366
112.7858987174645,343.09412
112.8365109796591,323.2848
112.88757448351568,373.74875
112.9315170811794,326.488
112.97215331592705,320.54913
113.02325448173563,321.93597
113.0670980530342,324.01816
113.11946297781463,320.87686
113.17030025336491,315.95316
113.21462374773662,315.26953
113.26580889113862,321.70715
113.30862381778896,310.3266
113.35797565473598,308.008715
113.4037133333473,316.93842
113.45297434388996,315.39311
113.4986238745837,310.62366
113.54614003314332,315.66714
113.59173020704702,309.1156
113.6447713267772,321.29865
113.69388936543844,348.32306
113.74854235661465,341.98443499999996
113.78498455362072,328.53335500000003
113.8341373402095,380.4295
113.88148055380452,336.44235
113.92886387946756,312.40875
113.97446799262408,348.771515
114.03126673101583,308.57926999999995
114.06705030443234,331.54636
114.12163752275264,317.69498
114.16345743352743,323.18053999999995
114.21425958525029,299.45705
114.26325539872796,306.1325
114.30332907256192,300.81536
114.36306288443845,302.381395
114.4016045841676,322.07697
114.450360726697,331.375135
114.49737133711548,314.78452500000003
114.546204730317,384.71255
114.5986979990586,330.127665
114.64392994691056,343.8739
114.69128029802138,351.40715
114.73635260678114,293.869505
114.79046352775327,298.595
114.83204134711896,295.43042
114.87925198581908,300.08432
114.93067459165258,318.582035
114.969332819224,371.6749
115.02179403508518,316.47501
115.07040007853732,325.51007
115.11729657962924,290.34695
115.16789361644584,301.52768
115.22008919080554,317.19368
115.26508646318224,299.21527
115.30347494639206,284.41515
115.35340072262609,315.752775
115.40731790717916,301.710485
115.45609729236944,317.7835
115.50085432918678,319.98003
115.55115510529254,305.44608500000004
115.59618650832309,315.08493
115.64097680770702,289.930875
115.68655525596293,298.62744999999995
115.73970443717192,289.41306
115.78634772148622,290.3132
115.8367831413067,286.37695
115.88142864799235,285.795925
115.93385370892057,288.21914000000004
115.9807071082443,309.225675
116.02824504475754,312.673095
116.0730433191862,298.83963
116.1161479687138,322.41354
116.1695735570163,303.7429
116.21253137248982,295.1419
116.25536204727504,278.22946
116.31251981218657,311.71988
116.35542593433196,286.67905
116.40368319935723,283.416225
116.44994208128875,275.50288
116.49809095591694,276.86533
116.54621993946515,269.43515
116.597891989095,265.63196
116.64483872232323,269.21595
116.69155465346734,293.29645
116.74404109431435,294.39603
116.78662144052436,297.04837
116.83457487599807,291.187135
116.87739932417372,292.94594
116.93408516396241,296.60167
116.97137929311172,281.21667
117.02463515748217,295.22714
117.06724957713632,318.1498
117.12043294241629,393.70874
117.16838446885873,332.68281
117.21441927747182,325.776
117.26060125375209,278.3737
117.31033251861393,276.079575
117.35603248159322,282.00824
117.40921737454687,274.38739999999996
117.45508415699335,283.77832
117.50286477988487,279.8738
117.5459878480956,288.96317
117.58937006739546,285.359525
117.63809594276626,273.9548
117.68498769468269,281.565095
117.7358928579865,298.25626
117.7887298619179,282.96475
117.83278690509187,275.288665
117.8778824048686,305.9391
117.9314653122457,301.809925
117.9790938406903,303.08124
118.02323857331446,282.22416499999997
118.07390335253136,275.00632
118.12135906467691,267.69642999999996
118.1652810257428,261.91104
118.21516549301,264.3542
118.26115168805603,264.37415999999996
118.31623484357476,261.21005
118.35130969513948,265.6928
118.40495131830887,267.15814
118.44700451502963,267.52826
118.49944683567259,271.92505
118.55167152904332,262.4183
118.5930103131296,260.3766
118.64034418567095,278.25070500000004
118.68796199938177,294.046225
118.73863760124951,267.94164
118.7819439721978,274.32285
118.83453774374549,269.95782
118.88406174285194,280.74095
118.9318526073493,276.58
118.97380332785431,309.3266
119.02248859793096,270.02167
119.0712592642642,260.6766
119.11335718075935,270.22432000000003
119.16351213184447,257.06527500000004
119.2115094744206,257.2883
119.26367668741707,262.1426
119.30662673925332,262.35865
119.35749207597286,303.53897
119.40610294943264,294.72873
119.45039728042718,298.3531
119.50394861458653,303.033995
119.54745162982488,304.1232
119.59459549006144,304.212715
119.64534250489982,312.8271
119.68239161349274,312.603
119.73990058576621,325.156525
119.79067669234084,325.9444
119.82650715656693,332.746705
119.88030747139946,324.749145
119.92442395761336,327.8128
119.97621093693805,328.16214
120.02837493391408,326.54587000000004
120.06935898906116,328.0685
120.11762318955928,324.2091
120.16586356379584,328.55368
120.22153579998198,330.078415
120.2594895667213,359.0154
120.31216109429315,332.15709000000004
120.3499903427726,330.122735
120.40202185223453,331.729735
120.45179802759004,313.00986
120.49944308618343,307.8771
120.5423465212223,296.98256000000003
120.58934865230887,271.63371
120.64081725861936,256.53195
120.69150029250196,249.19633
120.73265858097734,240.60957
120.7874906508643,252.2771
120.8397258161394,231.92395
120.88317064456062,233.5992
120.92179926559662,233.89085
120.9793939611821,245.58474
121.02407290003596,250.56046
121.06829916313,245.054415
121.12567598268556,244.02385
121.16510042726705,247.19638
121.2150679256523,241.00904500000001
121.2619390992279,244.57883
121.30790082936764,239.67225000000002
121.35471688547727,240.86989
121.40825641283702,248.51576
121.45343871778012,241.68288
121.4966149044166,239.45361
121.54792388223215,223.9777
121.6057692497192,247.78771
121.65034936095329,226.94257
121.69172168748622,220.47084
121.739268708933,217.98480999999998
121.7825153208296,212.47484
121.82985132327445,210.97661
121.88979366558311,213.52419
121.92868004116386,212.94274000000001
121.9719681657337,210.91748
122.03173199627182,224.50883
122.07275071598785,257.82523000000003
122.12285987643382,237.46786
122.15658758023532,217.62782
122.2182126060034,231.9023
122.25871980434628,219.55312
122.30820373519934,223.14236
122.36243024612637,233.093395
122.4113228001531,265.78914999999995
122.45050283408212,229.68907
122.49652040198896,236.94797
122.54790056086378,239.04242
122.59723912255625,242.57567
122.64606165048863,244.340125
122.68778688799728,263.89725
122.73805094464156,233.46915
122.7926113188284,228.74052
122.83561611887178,267.99203
122.8829566206177,236.8425
122.92894605814064,242.7444
122.97891388140292,236.2935
123.01783652854587,227.94526000000002
123.07340238223824,229.56429
123.12009777800412,239.2611
123.1667258538172,231.71788
123.21744045206407,230.398705
123.26073762288149,230.17251499999998
123.31233245695836,236.90573
123.35325269982121,244.99765
123.40878098220487,259.50873
123.44754719241004,238.97896500000002
123.4934982879101,274.572905
123.54661097948363,254.25354
123.59481912981671,239.70108
123.64279241236898,226.21323
123.68431961543033,229.16145
123.73818795697377,232.912925
123.78782434705296,230.32799
123.83001917065168,236.15175
123.87994129377954,230.10649
123.92671087204292,234.67175
123.97378778323571,223.66295000000002
124.02548773258036,229.55001
124.07190945547842,237.25148
124.11808953506132,227.43056
124.16093995313754,259.46698
124.216020312085,245.9024
124.26065422886226,240.955775
124.302421933532,236.85878
124.3606835619326,233.13525
124.39688644649587,231.31956
124.45029173869922,230.088235
124.49951361483537,231.272
124.54542705947122,242.925
124.59456541679394,231.029085
124.6469869093327,233.20505
124.69281971055125,236.46488
124.73863281671102,264.69676
124.79323649789036,237.5144
124.83571603523232,233.8207
124.88892102920704,238.39438
124.92772022620872,244.43001
124.97822231984962,244.98113999999998
125.0259426123338,242.93954
125.06456530680143,239.856395
125.11639487099077,230.04663
125.16920915763812,228.04088
125.21759230744883,230.10022500000002
125.26021848212802,236.19962
125.30896903430522,248.630585
125.35440607095617,253.61121000000003
125.40535674536513,270.67737
125.45561252858059,242.61856
125.49773763861573,237.56676499999998
125.54890455152332,249.57722
125.59678375989444,233.698
125.63602035969815,242.58904
125.69100796566622,235.43738
125.73642146043017,236.14787
125.7881023270666,234.70775
125.83327285557075,237.51569
125.88162773402524,236.86614
125.92995232460508,238.50775
125.97503953075466,240.44887
126.02334275111596,244.47075999999998
126.07249801252183,245.175805
126.12303671179946,251.23236
126.16798489443693,250.28258
126.22210821131186,251.553935
126.26020707999572,245.31673
126.31876869384558,272.690495
126.35721926122837,315.70717
126.40110636975513,292.5055
126.44959374718297,264.13655
126.5002886889555,258.97700499999996
126.54503785607416,270.22430499999996
126.60268292810616,260.18243
126.64881664581165,249.04008499999998
126.69355183760726,225.84787
126.73985356049587,222.6116
126.78816684592192,225.54317
126.83620929022322,225.835975
126.88390389730964,220.37514
126.92843232805116,217.66763
126.9729399004916,217.62
127.02376456041088,221.3502
127.07137203313866,220.52657
127.12121841073582,218.0897
127.16331320410384,207.6569
127.21717596176912,209.14001
127.26466560208728,217.75410499999998
127.30578403058549,215.83548
127.35320346979738,211.13624
127.40057688643728,219.23796
127.45109561967934,215.96404
127.50065798603472,224.26775
127.55460359194488,218.39015
127.59591442255243,231.60665
127.64717741595622,242.164805
127.68965948945252,226.21669
127.7352602043204,226.623915
127.78176917486377,231.30465500000003
127.83310792335584,243.207405
127.88224232618413,228.89642
127.92615275645652,230.88167
127.97942360883388,231.197115
128.0232739234603,229.276795
128.07335553536336,224.63927
128.12028697809023,221.16461
128.16717041207482,223.92597999999998
128.21058735935048,228.67483499999997
128.25772784732592,230.01022
128.3076522618318,229.1015
128.35753201730145,228.21446
128.40737603696294,227.93936
128.45096065167317,224.78403
128.50073825344637,224.39465
128.54737242002403,217.95074499999998
128.5970522654446,214.80300499999998
128.64676636801397,215.02810499999998
128.6932901527711,225.37685
128.73669593916227,231.43744
128.7862689011967,235.41689
128.83888903490316,233.1445
128.88838396136381,210.75148000000002
128.93477393499725,205.07288
128.97802749846133,205.49348
129.02434320526896,197.65296999999998
129.07370101090453,194.45202
129.1168624995471,195.40146
129.16000992299354,192.85559
129.2123507930247,193.54323
129.26158027851875,195.687535
129.310774016596,199.292105
129.35379365479992,201.98769
129.39984194689296,198.88112
129.44892008993094,203.8897
129.50390668549036,194.73915
129.54396012953703,194.784985
129.59294809977132,195.43302
129.64493468780057,212.43297
129.693884365364,210.64679999999998
129.7365548959931,203.77304
129.78549003570694,203.91718
129.83123933131714,209.30590999999998
129.88003609642513,216.13671499999998
129.92570102652843,200.5092
129.97443271528493,199.32475
130.02614093452235,193.616455
130.0746204725358,190.781655
130.11730440572927,199.2772
130.16585901510217,197.182505
130.21440143372178,193.06329499999998
130.26589322100426,192.9656
130.3113428710037,201.31348500000001
130.35956759969906,195.41224499999998
130.40514094627835,193.09781
130.45046121230288,193.813335
130.49879222757517,190.7434
130.55006850719556,189.3862
130.5952992977904,188.92251499999998
130.64351064883328,188.827265
130.69170512743526,190.89989500000001
130.73986062172202,187.90033
130.78795215705784,194.835005
130.8360194312677,195.495135
130.88102639682194,191.95572
130.92002259501209,182.090465
131.0754325381935,169.7293
131.1117167363933,162.73057
131.15654254524955,162.83955
131.23120625121476,159.709685
131.26102011847166,157.902035
131.31386229884083,154.60892
131.46058652487886,191.30984
131.4962600564552,182.62393
131.53782981692643,185.4164
131.5972072240074,172.29566499999999
131.75429188849682,189.00235
131.786809314945,188.9188
131.83413985702555,190.56484999999998
131.8813462431351,190.76524
131.92864771351924,190.999125
131.9758741159602,189.52609999999999
132.02301823239827,190.805745
132.07012908468283,192.29468
132.12020496579242,191.73289499999998
132.16692421288556,180.95804
132.2113369395091,167.2224
132.26401776573258,150.830265
132.3104209181987,177.78778
132.34139300534986,182.88412
132.4107564420953,184.26054
132.45468603390668,193.68881
132.48978424176585,171.26126
132.53280768768138,182.42636
132.57950041172057,181.21825
132.62036692922007,158.9782
132.6786994492575,173.12506
132.73406310863456,172.66975
132.7777351287174,173.09216
132.8446373785526,172.96384
132.87660744018515,169.31688
132.9114646639054,171.38303
133.03620207856423,165.02482500000002
133.0680697061988,140.26035
133.1259671439966,148.28517
133.2596267559337,216.18275
133.31090364462722,226.08105
133.35852221867663,219.469275
133.4062820237968,212.95217000000002
133.45288759374938,191.47446000000002
133.49891980333612,192.37922500000002
133.54774376299835,194.63441
133.59658574252114,188.88026000000002
133.6424642031646,185.47084
133.69090654513425,188.17645
133.74281068881203,188.16989
133.78564444247883,189.14084
133.831213299688,188.737555
133.88005762549494,196.51215
133.9285956991526,191.734275
133.9799249892973,195.06417
134.025545336183,193.313645
134.0711141880929,151.32843
134.11947344373186,207.06757
134.16214342860303,182.95031
134.21327961389184,181.88162499999999
134.26153692296228,183.10927
134.30974635580924,182.530185
134.3579289916537,182.98781
134.4059905174651,182.822815
134.4513229833395,183.311505
134.49925318979044,180.94118
134.54738247521234,181.164825
134.5953895856378,182.49183
134.64894448479103,183.7574
134.69357647084917,183.16086
134.73624681619393,186.67397
134.78662162972188,189.749465
134.84585390844578,193.65923
134.8739513142441,188.3345
134.93285297754926,185.70613500000002
134.97489820652416,179.09671
135.0225297168302,184.47415
135.070085042808,190.90175
135.12039955089062,191.80675
135.1650707282381,196.97885
135.21244117668084,192.11003
135.27388883637386,196.65715
135.31240193082553,197.76968
135.35798321489182,204.66529500000001
135.4095860387535,201.66593999999998
135.4566712477973,203.13815
135.49985635734842,194.10073
135.5518392902539,197.400315
135.5944042820058,201.588095
135.64382803790798,212.88211
135.68575685106254,208.14499999999998
135.74006690603167,219.10158
135.78653594099836,235.49115
135.83034412343338,211.09565
135.87250997766535,213.72862500000002
135.92680410754323,206.92068
135.97147678239776,210.137225
136.02115659814922,224.56880999999998
136.06787541377616,260.8759
136.12195149349228,236.94203
136.16857200929405,217.31775
136.21048431016874,219.41582
136.2625115503074,224.12805
136.31639138946707,219.47307
136.35546310272187,237.34376
136.40515965347464,285.35051
136.45428123449773,247.00164
136.4945966890521,314.88712
136.5468808703963,254.678335
136.5999288875624,242.72722
136.64227995739927,264.373885
136.69093815580288,233.02098999999998
136.73841788816472,230.92981
136.78802167376688,223.89524
136.83135293341056,231.024245
136.88195219834157,229.44476
136.9200547255618,232.4912
136.97439737087257,261.02027999999996
137.02779074647876,232.505515
137.07173178838326,222.83052
137.11684008119158,228.30424
137.16057575140047,223.133995
137.2089638654781,232.27788
137.260005783393,229.56927
137.31690553056768,223.524665
137.36193142327804,223.5192
137.4047871904819,233.970145
137.44761765693477,254.13583
137.50699286838784,243.265385
137.54917256690473,228.93805
137.60254161444126,224.8125
137.64517599880114,227.10225
137.69845790257946,255.28384
137.74024342416007,234.81396
137.78413304426778,232.29
137.83364779351226,235.69207999999998
137.87914335463694,235.83134
137.9295385137962,234.24790000000002
137.97190599104516,232.460565
138.023128339989,233.302445
138.07243435487854,243.07849
138.11733250969334,238.92239999999998
138.16745304460744,240.83934
138.21229077813354,242.96228000000002
138.26496553511356,247.79139
138.3123049157374,258.63936
138.36226023362923,237.7571
138.40691085521092,255.00837
138.44958039514458,232.12792000000002
138.50393684632203,230.513775
138.5476682733299,227.17477
138.5955236126985,230.89076
138.6365819867767,240.90439
138.69479218472304,230.804895
138.7417636235428,227.72267
138.78867721706177,229.43747
138.84593106493463,230.230805
138.88417176014465,230.8436
138.92910446263065,223.80727
138.97325840058505,224.58481
139.0225374218453,235.16185
139.07357988277795,219.69614
139.11835908227638,223.54645
139.16749151756449,224.001095
139.21138975442216,227.45277
139.26560615099703,224.36163
139.2991082647545,218.02217
139.3609516449841,226.52919
139.40649612804322,214.99162
139.45344026840155,211.60504
139.49771180877573,220.68158499999998
139.53568084290728,229.1663
139.59715124632356,225.637535
139.63869110465902,220.61707
139.69368869845064,224.4896
139.74285078168336,246.800345
139.78180840686338,249.39697999999999
139.84108182635964,253.30339
139.88249944609768,251.2101
139.93117537277354,253.86049
139.96975443830962,262.20322
140.02869458821755,262.197225
140.05550094835178,262.07556
140.26419580459844,269.35321
140.30585529967,325.51706
140.36008349061825,248.11077999999998
140.40543562355919,236.89068
140.4507436899168,250.25816
140.5010344820534,245.738045
140.54632825396024,236.67527
140.58812892477562,242.46991
140.64531843600187,242.85631
140.68863107802656,245.72129
140.7416756610255,267.775485
140.78540811922093,295.44427
140.83352463623268,251.06429
140.87830332778805,251.621775
140.93005431807512,400.9963
140.97609593687505,280.05143499999997
141.02333392990388,337.15204
141.073005458554,353.82547
141.11890373707178,274.31152
141.16723306721727,263.34483
141.20635413352463,265.35043499999995
141.24890468589905,269.04049
141.30944505136566,260.24878
141.35884445073722,259.80917
141.3982557536076,256.113635
141.45613563063714,252.84332
141.49550113414114,252.43898000000002
141.55030858327797,274.79195
141.59621801404677,252.19903499999998
141.63913838678235,260.3181
141.6881783746475,253.25797
141.73710756797013,255.16412
141.7884743170886,270.91508
141.83116334793243,256.309395
141.88730778814912,255.22369
141.93478274045816,256.70932
141.9773794771729,251.90558
142.02236608366042,249.72558
142.06613094902474,249.12655
142.12675354472577,227.2187
142.1691663392341,221.651315
142.2153103838384,220.56796
142.267165936765,225.44608
142.3130658794601,219.91757
142.36253599775347,242.1332
142.4107458541135,219.79878000000002
142.4535981247709,274.12721999999997
142.4997943885398,302.06253
142.54425072773083,308.3149
142.60065721202272,269.430435
142.6450109053605,234.91116
142.6956809471887,230.96630499999998
142.74145098834245,231.58846499999999
142.78377328482222,242.17033
142.82818277733406,233.09969999999998
142.88636283893192,242.85718
142.93042524993035,235.14958000000001
142.97477725372244,225.16692
143.0227025164057,229.76608
143.0670893129681,222.06778
143.12174431875326,225.689755
143.1657604653632,221.309455
143.21770382042791,223.327415
143.26722217895932,229.54901
143.31553107591537,256.20032
143.35326227864644,247.56865
143.39920193114307,272.20082
143.45449928838428,223.9168
143.50150400186928,224.76749
143.5449370047384,222.61153000000002
143.59535726118344,262.72092
143.64454684144053,252.41553
143.69134069012412,245.83002
143.73574680670075,240.84428
143.7847726802509,241.22926
143.8325759572536,258.00305
143.8873080547653,253.95569
143.91539209837924,277.845215
143.97333676505582,265.52377
144.0220851690018,258.08243
144.06614179334366,259.87988
144.1217256046336,260.446
144.16683267577724,254.89955
144.20265198093185,259.28958
144.2626665837969,269.08853
144.31131037742236,265.40253
144.35942948082794,265.0652
144.40427807464255,279.66328
144.4502257867285,266.58333
144.49796551182305,267.099935
144.5476944598998,269.30414
144.59805778291056,267.17883
144.64150364068496,269.23453
144.68297690646534,270.04868
144.74653267856138,275.16312
144.7783979427397,268.64023
144.84212461808747,269.8502
144.87508666162753,271.61002499999995
144.9363928833974,273.47785
144.96934919681544,272.60788
145.0293102094925,323.33521499999995
145.07229696292995,301.86623499999996
145.11297899373756,273.74183500000004
145.17087967091643,269.69838000000004
145.21163479096498,265.19131
145.26633122118204,264.208525
145.31127786122772,274.63327000000004
145.35508646314105,269.96515
145.40783513795995,266.07034
145.44952523009607,266.24327000000005
145.4998245231447,278.264285
145.54772103110955,277.09747
145.59684987946392,276.53766
145.6470498635739,271.270445
145.69179444681987,282.13467
145.7394246027667,271.48233
145.78720528215285,270.8152
145.83381899645823,273.756065
145.87705379855197,269.09113
145.9279874147773,266.4535
145.97567763011457,269.84479
146.02667292548915,299.43145
146.071573055801,267.2697
146.11575041525785,265.66605
146.1696302889788,260.55941
146.2135335711451,264.92068500000005
146.26409856676565,301.50675
146.31007806604987,276.54769
146.35968263052905,282.15204
146.40419630207327,267.79719
146.46227285131442,279.220025
146.5024468882273,270.739995
146.55038938877436,284.92982500000005
146.5982721210784,264.32971499999996
146.6456315256753,263.60573
146.6906038883446,267.12488
146.73722806633182,311.3914
146.78379540548156,290.4747
146.83571050067306,373.20743
146.8810781721084,293.35837
146.92854809328304,267.45013
146.9781123802335,287.22852
147.02438569260366,289.08921999999995
147.0695282863377,280.993915
147.1141873676637,275.57077
147.1607235022484,276.61514
147.2142647125429,282.56656
147.26452406463835,274.827515
147.31364897310257,277.10096
147.3580191677619,302.17883
147.4085125291646,347.47623
147.45106948449222,316.109
147.49782624768332,315.8166
147.54770594925697,304.6399
147.5954008573534,305.39127
147.64197648414896,285.61102
147.6906067659959,286.8891
147.74128338207703,327.555955
147.78556858781988,284.1814
147.83401042978232,263.6742
147.8813376719461,268.178755
147.92545490634066,266.14583
147.9695925507882,265.26675
148.0292361644956,266.35443
148.0731759467593,285.05203
148.1212399165032,265.79086
148.16518326610657,315.36646
148.21405390994215,283.76541499999996
148.26193257826827,257.51360999999997
148.31182581031663,264.438295
148.35335107963328,259.472135
148.40622689304038,252.59238
148.45385257441592,258.64856
148.49521533234608,291.62296
148.54685195937668,288.6698
148.59131303903268,312.47191499999997
148.641670221959,293.60223
148.69412481813163,267.523975
148.73829173667085,268.99518
148.7824040904826,253.54027
148.8295818355483,268.9254
148.87966889733192,281.20596
148.93177536570505,319.32262000000003
148.97768846461935,270.1535
149.02354207525536,260.03246
149.0713704506132,309.28223
149.11913416163486,383.1335
149.16784760267558,314.236005
149.21649392769672,269.41283999999996
149.26203884144007,268.82785
149.31106021741317,305.96506
149.35698718271783,281.05206
149.40335772605908,269.21393
149.4557027440618,281.89746
149.4999335786326,279.02927
149.5451115989742,298.74294
149.59824633983052,334.82657
149.64429750823038,363.4481
149.69128672828896,324.91229
149.7382123699178,324.11118
149.78507451756354,300.72596999999996
149.8328682722622,281.32491000000005
149.88059584544413,277.835555
149.9262728878805,282.61472
149.97882552949773,302.2636
150.02141914675818,311.550995
150.07084671354784,324.623285
150.1221917522571,305.44646
150.16656280549282,322.55112
150.2167804081501,323.68751
150.2590632572912,309.86563
150.30914468552658,329.7406
150.35621271468463,298.89006
150.40477509238525,341.552
150.4530846395285,325.03168
150.4980015533084,301.10275
150.54773093139252,349.074615
150.59446809460462,302.03729
150.6421120998547,299.4537
150.6925992616274,302.9551
150.73816655995563,362.11159
150.78463941408518,345.042365
150.83299518944077,357.354035
150.882215476407,356.292
150.92559808421922,304.673305
150.97950647000084,309.71054
151.02564416156508,301.31819
151.0707585091029,306.69696
151.11772712817645,300.28119000000004
151.16462925331936,300.25372
151.21432993079873,302.70305
151.26300223299933,312.048615
151.30684107414044,300.45981
151.3540447883472,299.05225
151.40573946802323,302.08751
151.4584866243623,311.56143
151.50149990105487,313.96048
151.5469114089205,318.01593
151.59225982418806,316.4608
151.64320121093996,316.79614
151.6855913420799,317.59919
151.73829583540763,327.14016
151.7880408061323,319.70932
151.83211612253314,317.38118
151.8845529366816,317.306515
151.92756225389638,318.63008
151.97797815027582,319.11492999999996
152.0283149779246,319.785625
152.06834152795216,326.6097
152.12319482503042,320.220635
152.16401582196244,324.744645
152.2186905375623,360.2212
152.26495178778725,326.3215
152.31022240956972,321.425815
152.35635054390667,321.089295
152.40425258269875,311.37194999999997
152.4496075299003,325.2031
152.5053454034449,318.41826000000003
152.54660830875824,316.51358
152.6006267271407,319.310745
152.64267845066226,320.88571
152.68741078047887,366.76053
152.73754447930315,342.37127499999997
152.78941661213875,313.42365
152.83666347023248,323.68616
152.88041083174122,315.8614
152.93118306353654,309.82977
152.974359785983,315.54785
153.02222910434978,323.06694
153.0736286661172,385.78935
153.1186457683516,369.84784
153.16449560486058,344.4339
153.21207134893984,335.4909
153.2622601494401,336.56113
153.30879070994115,334.83447
153.3606068692906,338.64172
153.40609707746285,341.25771
153.45329948665608,354.4834
153.49687444210326,345.88679
153.55014698959064,342.23647
153.59446942460855,329.95403
153.64328765478797,375.47217
153.6891024048303,345.58582
153.7402753937044,326.76697
153.78696112118746,322.70741499999997
153.8362247565973,324.94137
153.8792386536601,339.18115
153.93271764273356,380.84209
153.98260379984646,419.96475
154.02280224328734,429.87228
154.07341021223596,502.91985999999997
154.11958056482757,505.95009
154.17002467732118,385.88139
154.2151778216048,418.21115499999996
154.26112869552844,440.99783
154.30960326375856,356.8167
154.35713504544282,342.32614
154.40551986479755,353.39335
154.45283031422522,368.2359
154.49927249380983,350.45612
154.55078898423324,353.42856
154.59726405158457,472.3709
154.64329118806555,424.77142
154.69199408605806,400.69109000000003
154.7380588104237,355.471235
154.78490185760867,351.18723
154.83336869739026,607.46993
154.88345100705638,526.477815
154.9258261514615,368.23663
154.9782851837426,341.77216
155.02559890414557,328.29987
155.0736514043429,373.29346
155.12163693553052,315.8438
155.16450342314886,312.004375
155.21317587345234,319.948805
155.25841737018231,297.412415
155.30943756907544,312.58112
155.3545268809987,333.08496
155.40370971369643,321.19656
155.45530181570595,325.170275
155.5026507254003,351.04663
155.54660601904106,333.79351499999996
155.59390589481225,334.44595
155.64257209140118,333.994085
155.68631027571033,327.32016
155.7390356065792,318.75296
155.78755428184124,312.400055
155.8376294721163,333.19046
155.88188378739216,324.01184
155.9317904902514,329.9874
155.97426347871192,339.08099
156.0288929398074,347.588325
156.07121804996407,340.40915
156.11835078464807,337.80328
156.16864535684437,348.249875
156.21399436251195,372.7628
156.26007660116122,363.13454
156.3052754668655,334.280515
156.35523051418943,330.79068
156.40429130077416,333.45685
156.450068269276,336.28932999999995
156.50134911656897,334.413605
156.54855017850454,366.02402
156.5932755648529,388.61682
156.64509685949798,351.34108
156.69045885160773,329.89718000000005
156.73653896349464,320.4099
156.78095572037896,324.27924
156.83558322719506,329.98622
156.87755482052725,350.544
157.02394734738138,330.35881
157.06789224496742,333.81284
157.11880906427626,332.16053999999997
157.1641606096639,318.026565
157.2164534259665,318.01373
157.25541095388365,336.24728
157.31218640628745,330.13751
157.35177920763567,327.72963
157.40138060542898,324.6109
157.45330396977585,323.90369
157.50264241736704,330.27345
157.54577678323938,340.50855
157.59347645197863,330.804595
157.6433915315803,338.3039
157.69091391432394,372.11194
157.73605647848137,351.815475
157.7689078504013,360.98245
